"id","name","default_code","brand","model","spec","categ_id","sale_ok","purchase_ok","type","procure_method","supply_method","cost_method","uom_id","uom_po_id","valuation","standard_price","list_price","taxes_id","supplier_taxes_id"
"Product_1","Gas Detector","AFC-0001","AFC","G200","0-1000 ppm","Indicator & Controller","TRUE","TRUE","Stockable Product","Make to Order","Buy","Standard Price","Ea","Ea","Real Time (automated)",0,0,"Output VAT","Input VAT"
"Product_2","Pump check valve","BU-000001","Buhler","P2.2",,"Spare Part","TRUE","TRUE","Stockable Product","Make to Order","Buy","Standard Price","Ea","Ea","Real Time (automated)",0,0,"Output VAT","Input VAT"
"Product_3","Diaphragm Vacuum Pump","KNF-0005","KNF","N814KTE","230V/50Hz IP00","Pump-Diaphragm","TRUE","TRUE","Stockable Product","Make to Order","Buy","Standard Price","Ea","Ea","Real Time (automated)",0,0,"Output VAT","Input VAT"
"Product_4","Ball valve (Series6C) :","EM-00003","EM-Technic","6C742F0414PVFP51",,"Fitting","TRUE","TRUE","Stockable Product","Make to Order","Buy","Standard Price","Ea","Ea","Real Time (automated)",0,0,"Output VAT","Input VAT"
"Product_5","GL Connector (Series 3G) :","EM-00004",,"3G110FF4314PVFP",,"Fitting","TRUE","TRUE","Stockable Product","Make to Order","Buy","Standard Price","Ea","Ea","Real Time (automated)",0,0,"Output VAT","Input VAT"
"Product_6","SS Filter Housing 137G","HF-0003","HF","137G",,"Filter Housing","TRUE","TRUE","Stockable Product","Make to Order","Buy","Standard Price","Ea","Ea","Real Time (automated)",0,0,"Output VAT","Input VAT"
"Product_7","Filter element (3/pack) :","HF-0016","HF","12-32-50C","Pack of 3","Filter Element","TRUE","TRUE","Stockable Product","Make to Order","Buy","Standard Price","Ea","Ea","Real Time (automated)",0,0,"Output VAT","Input VAT"
"Product_8","Viton Gasket Sets","HF-2000","HF","GV127",,"Gasket","TRUE","TRUE","Stockable Product","Make to Order","Buy","Standard Price","Ea","Ea","Real Time (automated)",0,0,"Output VAT","Input VAT"
"Product_9","FID Sample screw connection : 0125-3","TES-00002","Testa",,,"Fitting","TRUE","TRUE","Stockable Product","Make to Order","Buy","Standard Price","Ea","Ea","Real Time (automated)",0,0,"Output VAT","Input VAT"
"Product_10","Dry ice","TH-000025",,"น้ำแข็งแห้งเกร็ด","20 Kg/pack","Manufacturing Supplies","TRUE","TRUE","Stockable Product","Make to Order","Buy","Standard Price","Ea","Ea","Real Time (automated)",0,0,"Output VAT","Input VAT"
"Product_11","Wide Mouth Bottle","TH-000434","MNALGENE, USA","PP","500 ml","Labware","TRUE","TRUE","Stockable Product","Make to Order","Buy","Standard Price","Ea","Ea","Real Time (automated)",0,0,"Output VAT","Input VAT"
"Product_12","SS , Hypodermic needles luer lock gauge 18""x12""","TH-000136",,,,"Equipment","TRUE","TRUE","Stockable Product","Make to Order","Buy","Standard Price","Ea","Ea","Real Time (automated)",0,0,"Output VAT","Input VAT"
"Product_13","Oil filter","TH-000017","YUPAO","B-50",,"Filter Element","TRUE","TRUE","Stockable Product","Make to Order","Buy","Standard Price","Ea","Ea","Real Time (automated)",0,0,"Output VAT","Input VAT"
"Product_14","Wire guide","TH-000014","ISOYA","งานไดกิ้น",,"Labware","TRUE","TRUE","Stockable Product","Make to Order","Buy","Standard Price","Ea","Ea","Real Time (automated)",0,0,"Output VAT","Input VAT"
"Product_15","Oxygen sensor","AII-0001","AII","PSR-11-21",,"Sensor element","TRUE","TRUE","Stockable Product","Make to Order","Buy","Standard Price","Ea","Ea","Real Time (automated)",0,0,"Output VAT","Input VAT"
"Product_16","Oxygen sensor","AII-0002","AII","PSR-12-223",,"Sensor element","TRUE","TRUE","Stockable Product","Make to Order","Buy","Standard Price","Ea","Ea","Real Time (automated)",0,0,"Output VAT","Input VAT"
"Product_17","Oxygen senser","AII-0003","AII","GPR-12-100M",,"Sensor element","TRUE","TRUE","Stockable Product","Make to Order","Buy","Standard Price","Ea","Ea","Real Time (automated)",0,0,"Output VAT","Input VAT"
"Product_18","Oxygen sensor","AII-0004","AII","GPR-12-333",,"Sensor element","TRUE","TRUE","Stockable Product","Make to Order","Buy","Standard Price","Ea","Ea","Real Time (automated)",0,0,"Output VAT","Input VAT"
"Product_19","PPM Oxygen sensor","AII-0005","AII","XLT-12-123",,"Sensor element","TRUE","TRUE","Stockable Product","Make to Order","Buy","Standard Price","Ea","Ea","Real Time (automated)",0,0,"Output VAT","Input VAT"
"Product_20","Oxygen sensor P/N :","AII-0006","AII","PSR-12-23",,"Sensor element","TRUE","TRUE","Stockable Product","Make to Order","Buy","Standard Price","Ea","Ea","Real Time (automated)",0,0,"Output VAT","Input VAT"
"Product_21","PPM Oxygen sensor","AII-0007","AII","XLT-12-333",,"Sensor element","TRUE","TRUE","Stockable Product","Make to Order","Buy","Standard Price","Ea","Ea","Real Time (automated)",0,0,"Output VAT","Input VAT"
"Product_22","Battery Assembly GP :","AII-0008","AII","A-1163",,"Battery","TRUE","TRUE","Stockable Product","Make to Order","Buy","Standard Price","Ea","Ea","Real Time (automated)",0,0,"Output VAT","Input VAT"
"Product_23","Housing Upper Assembly Sensor SS Molex","AII-0009","AII","RBGW",,"Sensor element","TRUE","TRUE","Stockable Product","Make to Order","Buy","Standard Price","Ea","Ea","Real Time (automated)",0,0,"Output VAT","Input VAT"
"Product_24","PCB Assembly, Interconnection (2600) :","AII-0010","AII","A-1147-E-40",,"PCB","TRUE","TRUE","Stockable Product","Make to Order","Buy","Standard Price","Ea","Ea","Real Time (automated)",0,0,"Output VAT","Input VAT"
"Product_25","Oxygen sensor :","AII-0011","AII","XLT-11-24",,"Sensor element","TRUE","TRUE","Stockable Product","Make to Order","Buy","Standard Price","Ea","Ea","Real Time (automated)",0,0,"Output VAT","Input VAT"
"Product_26","Oxygen sensor :","AII-0012","AII","GPR-11-32-4",,"Sensor element","TRUE","TRUE","Stockable Product","Make to Order","Buy","Standard Price","Ea","Ea","Real Time (automated)",0,0,"Output VAT","Input VAT"
"Product_27","Oxygen sensor :","AII-0013","AII","XLT-11-24-4",,"Sensor element","TRUE","TRUE","Stockable Product","Make to Order","Buy","Standard Price","Ea","Ea","Real Time (automated)",0,0,"Output VAT","Input VAT"
"Product_28","Scrubber assembly, H2S 1.5""x12"" :","AII-0014","AII","B-2734-12",,"Indicator & Controller","TRUE","TRUE","Stockable Product","Make to Order","Buy","Standard Price","Ea","Ea","Real Time (automated)",0,0,"Output VAT","Input VAT"
"Product_29","Oxygen sensor :","AII-0015","AII","PSR-11-23",,"Sensor element","TRUE","TRUE","Stockable Product","Make to Order","Buy","Standard Price","Ea","Ea","Real Time (automated)",0,0,"Output VAT","Input VAT"
"Product_30","Oxygen sensor :","AII-0016","AII","XLT-11-15",,"Sensor element","TRUE","TRUE","Stockable Product","Make to Order","Buy","Standard Price","Ea","Ea","Real Time (automated)",0,0,"Output VAT","Input VAT"
"Product_31","Oxygen sensor :","AII-0017","AII","XLT-11-1513",,"Sensor element","TRUE","TRUE","Stockable Product","Make to Order","Buy","Standard Price","Ea","Ea","Real Time (automated)",0,0,"Output VAT","Input VAT"
"Product_32","Oxygen sensor :","AII-0018","AII","PSR-12-223 L2",,"Sensor element","TRUE","TRUE","Stockable Product","Make to Order","Buy","Standard Price","Ea","Ea","Real Time (automated)",0,0,"Output VAT","Input VAT"
"Product_33","Oxygen sensor :","AII-0019","AII","GPR-11-60-4",,"Sensor element","TRUE","TRUE","Stockable Product","Make to Order","Buy","Standard Price","Ea","Ea","Real Time (automated)",0,0,"Output VAT","Input VAT"
"Product_34","PCB Assembly, Main (1200 GP) :","AII-0020","AII","A-1161-B-GP-1 RevC3",,"PCB","TRUE","TRUE","Stockable Product","Make to Order","Buy","Standard Price","Ea","Ea","Real Time (automated)",0,0,"Output VAT","Input VAT"
"Product_35","Oxygen Analyzer","AII-0021","AII","GPR-1200",,"Analyzer For Gas","TRUE","TRUE","Stockable Product","Make to Order","Buy","Standard Price","Ea","Ea","Real Time (automated)",0,0,"Output VAT","Input VAT"
"Product_36","Oxygen Analyzer","AII-0022","AII","GPR-3500 MO",,"Analyzer For Gas","TRUE","TRUE","Stockable Product","Make to Order","Buy","Standard Price","Ea","Ea","Real Time (automated)",0,0,"Output VAT","Input VAT"
"Product_37","Oxygen Analyzer","AII-0023","AII","GPR-1600",,"Analyzer For Gas","TRUE","TRUE","Stockable Product","Make to Order","Buy","Standard Price","Ea","Ea","Real Time (automated)",0,0,"Output VAT","Input VAT"
"Product_38","Oxgen Purity Analyzer with sensor :","AII-0024","AII","GPR-3100",,"Analyzer For Gas","TRUE","TRUE","Stockable Product","Make to Order","Buy","Standard Price","Ea","Ea","Real Time (automated)",0,0,"Output VAT","Input VAT"
"Product_39","Oxygen Analyzer :","AII-0025","AII","GPR-2800 AIS ATEX",,"Analyzer For Gas","TRUE","TRUE","Stockable Product","Make to Order","Buy","Standard Price","Ea","Ea","Real Time (automated)",0,0,"Output VAT","Input VAT"
"Product_40","PPM Oxygen Analyzer :","AII-0026","AII","GPR-1900",,"Analyzer For Gas","TRUE","TRUE","Stockable Product","Make to Order","Buy","Standard Price","Ea","Ea","Real Time (automated)",0,0,"Output VAT","Input VAT"
"Product_41","PPM Oxygen Transmitter :","AII-0027","AII","GPR-1500",,"Analyzer For Gas","TRUE","TRUE","Stockable Product","Make to Order","Buy","Standard Price","Ea","Ea","Real Time (automated)",0,0,"Output VAT","Input VAT"
"Product_42","PPM Oxygen Transmitter","AII-0028","AII","GPR-1500 ATEX",,"Analyzer For Gas","TRUE","TRUE","Stockable Product","Make to Order","Buy","Standard Price","Ea","Ea","Real Time (automated)",0,0,"Output VAT","Input VAT"
"Product_43","Oxygen Analyzer","AII-0030","AII","GPR-2600",,"Analyzer For Gas","TRUE","TRUE","Stockable Product","Make to Order","Buy","Standard Price","Ea","Ea","Real Time (automated)",0,0,"Output VAT","Input VAT"
"Product_44","Portable PPM Oxygen Analyzer :","AII-0031","AII","GPR-1000",,"Analyzer For Gas","TRUE","TRUE","Stockable Product","Make to Order","Buy","Standard Price","Ea","Ea","Real Time (automated)",0,0,"Output VAT","Input VAT"
"Product_45","Peristaltic pump type :","MC-0001","M&C","SR25.2–G",,"Pump-Peristaltic","TRUE","TRUE","Stockable Product","Make to Order","Buy","Standard Price","Ea","Ea","Real Time (automated)",0,0,"Output VAT","Input VAT"
"Product_46","Peristatic pump","MC-0002","M&C","SR25.1/EX-G","115/230VAC","Pump-Peristaltic","TRUE","TRUE","Stockable Product","Make to Order","Buy","Standard Price","Ea","Ea","Real Time (automated)",0,0,"Output VAT","Input VAT"
"Product_47","Universal filter type","MC-0003","M&C","FP-2T-D",,"Filter Element","TRUE","TRUE","Stockable Product","Make to Order","Buy","Standard Price","Ea","Ea","Real Time (automated)",0,0,"Output VAT","Input VAT"
"Product_48","Compressor gas cooler :","MC-0004","M&C",,,"Equipment","TRUE","TRUE","Stockable Product","Make to Order","Buy","Standard Price","Ea","Ea","Real Time (automated)",0,0,"Output VAT","Input VAT"
"Product_49","Liquidstop","MC-0005","M&C","LB-1/PV with bypass function :",,"Other Equipment","TRUE","TRUE","Stockable Product","Make to Order","Buy","Standard Price","Ea","Ea","Real Time (automated)",0,0,"Output VAT","Input VAT"
"Product_50","WE PVDF DN 4/6-G1/8"" :","MC-0006","M&C",,"DN 4/6-G1/8""","Fitting","TRUE","TRUE","Stockable Product","Make to Order","Buy","Standard Price","Ea","Ea","Real Time (automated)",0,0,"Output VAT","Input VAT"
"Product_51","EV PVDF D8-DN6/8 :","MC-0007","M&C",,"DN6/8","Fitting","TRUE","TRUE","Stockable Product","Make to Order","Buy","Standard Price","Ea","Ea","Real Time (automated)",0,0,"Output VAT","Input VAT"
"Product_52","Automatic condensate trap","MC-0008","M&C","AD-SS",,"Trap/Scrabbler","TRUE","TRUE","Stockable Product","Make to Order","Buy","Standard Price","Ea","Ea","Real Time (automated)",0,0,"Output VAT","Input VAT"
"Product_53","Filter element type :","MC-0009","M&C","F-2T","(75mm.)","Filter Element","TRUE","TRUE","Stockable Product","Make to Order","Buy","Standard Price","Ea","Ea","Real Time (automated)",0,0,"Output VAT","Input VAT"
"Product_54","Filter element","MC-0010","M&C","F-3SS150",,"Filter Element","TRUE","TRUE","Stockable Product","Make to Order","Buy","Standard Price","Ea","Ea","Real Time (automated)",0,0,"Output VAT","Input VAT"
"Product_55","Filter element","MC-0011","M&C","CLF/CLF–5",,"Filter Element","TRUE","TRUE","Stockable Product","Make to Order","Buy","Standard Price","Ea","Ea","Real Time (automated)",0,0,"Output VAT","Input VAT"
"Product_56","Set of flexible Tube/Pipe for pump","MC-0012","M&C","SR25 :",,"Tube/Pipe","TRUE","TRUE","Stockable Product","Make to Order","Buy","Standard Price","Ea","Ea","Real Time (automated)",0,0,"Output VAT","Input VAT"
"Product_57","O-ring 25 for","MC-0013","M&C","MP 47Z/R",,"O-Ring","TRUE","TRUE","Stockable Product","Make to Order","Buy","Standard Price","Ea","Ea","Real Time (automated)",0,0,"Output VAT","Input VAT"
"Product_58","O-Ring","MC-0014","M&C","MP30","Kalrez","Spare Part","TRUE","TRUE","Stockable Product","Make to Order","Buy","Standard Price","Ea","Ea","Real Time (automated)",0,0,"Output VAT","Input VAT"
"Product_59","Filter element ceramic type","MC-0015","M&C","S-2K150",,"Spare Part","TRUE","TRUE","Stockable Product","Make to Order","Buy","Standard Price","Ea","Ea","Real Time (automated)",0,0,"Output VAT","Input VAT"
"Product_60","Heat Exchanger (Glass) :","MC-0016","M&C","ECM-1",,"Spare Part","TRUE","TRUE","Stockable Product","Make to Order","Buy","Standard Price","Ea","Ea","Real Time (automated)",0,0,"Output VAT","Input VAT"
"Product_61","Gasket (30) for filter element","MC-0017","M&C",,"Vition","Spare Part","TRUE","TRUE","Stockable Product","Make to Order","Buy","Standard Price","Ea","Ea","Real Time (automated)",0,0,"Output VAT","Input VAT"
"Product_62","Gasket (30) for filter element,","MC-0018","M&C",,"Graphite","Spare Part","TRUE","TRUE","Stockable Product","Make to Order","Buy","Standard Price","Ea","Ea","Real Time (automated)",0,0,"Output VAT","Input VAT"
"Product_63","NO2/NO Catalyst-cartridge","MC-0019","M&C","CG2-C",,"Spare Part","TRUE","TRUE","Stockable Product","Make to Order","Buy","Standard Price","Ea","Ea","Real Time (automated)",0,0,"Output VAT","Input VAT"
"Product_64","Jet stream heat exchanger:","MC-0020","M&C","ECM-2G",,"Spare Part","TRUE","TRUE","Stockable Product","Make to Order","Buy","Standard Price","Ea","Ea","Real Time (automated)",0,0,"Output VAT","Input VAT"
"Product_65","Universal filter","MC-0021","M&C","type FP-2T",,"Spare Part","TRUE","TRUE","Stockable Product","Make to Order","Buy","Standard Price","Ea","Ea","Real Time (automated)",0,0,"Output VAT","Input VAT"
"Product_66","Universal filter type FP–20T","MC-0022","M&C","FP–20T",,"Spare Part","TRUE","TRUE","Stockable Product","Make to Order","Buy","Standard Price","Ea","Ea","Real Time (automated)",0,0,"Output VAT","Input VAT"
"Product_67","Universal filter","MC-0023","M&C","FS-20T",,"Spare Part","TRUE","TRUE","Stockable Product","Make to Order","Buy","Standard Price","Ea","Ea","Real Time (automated)",0,0,"Output VAT","Input VAT"
"Product_68","Portable gas conditioning system:","MC-0024","M&C","PSS5/3",,"Equipment","TRUE","TRUE","Stockable Product","Make to Order","Buy","Standard Price","Ea","Ea","Real Time (automated)",0,0,"Output VAT","Input VAT"
"Product_69","Gas Conditioning unit :","MC-0025","M&C","CSS-V1",,"Equipment","TRUE","TRUE","Stockable Product","Make to Order","Buy","Standard Price","Ea","Ea","Real Time (automated)",0,0,"Output VAT","Input VAT"
"Product_70","SR25.2 Mounted in","MC-0026","M&C","CSS-VX",,"Equipment","TRUE","TRUE","Stockable Product","Make to Order","Buy","Standard Price","Ea","Ea","Real Time (automated)",0,0,"Output VAT","Input VAT"
"Product_71","Electronic Mounting controller :","MC-0027","M&C","CSS-V",,"Equipment","TRUE","TRUE","Stockable Product","Make to Order","Buy","Standard Price","Ea","Ea","Real Time (automated)",0,0,"Output VAT","Input VAT"
"Product_72","Bending protection","MC-0028","M&C","PSS10","6mm:","Spare Part","TRUE","TRUE","Stockable Product","Make to Order","Buy","Standard Price","Ea","Ea","Real Time (automated)",0,0,"Output VAT","Input VAT"
"Product_73","Electro-gas cooler","MC-0029","M&C","ECP 1000-G",,"Equipment","TRUE","TRUE","Stockable Product","Make to Order","Buy","Standard Price","Ea","Ea","Real Time (automated)",0,0,"Output VAT","Input VAT"
"Product_74","Electro-gas cooler","MC-0030","M&C","ECP2000-G",,"Equipment","TRUE","TRUE","Stockable Product","Make to Order","Buy","Standard Price","Ea","Ea","Real Time (automated)",0,0,"Output VAT","Input VAT"
"Product_75","Electro-gas cooler","MC-0031","M&C","ECP2000-PV",,"Equipment","TRUE","TRUE","Stockable Product","Make to Order","Buy","Standard Price","Ea","Ea","Real Time (automated)",0,0,"Output VAT","Input VAT"
"Product_76","ECP1000 SO ohne WT LAR GmbH :","MC-0032","M&C",,,"Equipment","TRUE","TRUE","Stockable Product","Make to Order","Buy","Standard Price","Ea","Ea","Real Time (automated)",0,0,"Output VAT","Input VAT"
"Product_77","Electro-gas cooler :","MC-0033","M&C","ECP20-2PV",,"Equipment","TRUE","TRUE","Stockable Product","Make to Order","Buy","Standard Price","Ea","Ea","Real Time (automated)",0,0,"Output VAT","Input VAT"
"Product_78","Peristaltic pump .","MC-0034","M&C","SR25.1 230/115V,50/60Hz",,"Equipment","TRUE","TRUE","Stockable Product","Make to Order","Buy","Standard Price","Ea","Ea","Real Time (automated)",0,0,"Output VAT","Input VAT"
"Product_79","Peristaltic pump","MC-0035","M&C","SR25.2 230V/50Hz",,"Equipment","TRUE","TRUE","Stockable Product","Make to Order","Buy","Standard Price","Ea","Ea","Real Time (automated)",0,0,"Output VAT","Input VAT"
"Product_80","Mounting :","MC-0036","M&C","SR25.2",,"Equipment","TRUE","TRUE","Stockable Product","Make to Order","Buy","Standard Price","Ea","Ea","Real Time (automated)",0,0,"Output VAT","Input VAT"
"Product_81","Front mounting in cooler EC/ECS :","MC-0037","M&C","SR25.2",,"Equipment","TRUE","TRUE","Stockable Product","Make to Order","Buy","Standard Price","Ea","Ea","Real Time (automated)",0,0,"Output VAT","Input VAT"
"Product_82","Mounted bracker ball-valve L :","MC-0038","M&C",,,"Spare Part","TRUE","TRUE","Stockable Product","Make to Order","Buy","Standard Price","Ea","Ea","Real Time (automated)",0,0,"Output VAT","Input VAT"
"Product_83","Mounted bracker for ball-valve","MC-0039","M&C",,"2/4L","Spare Part","TRUE","TRUE","Stockable Product","Make to Order","Buy","Standard Price","Ea","Ea","Real Time (automated)",0,0,"Output VAT","Input VAT"
"Product_84","2-Way ball valve","MC-0040","M&C","2L/PV-1","PVDF","Spare Part","TRUE","TRUE","Stockable Product","Make to Order","Buy","Standard Price","Ea","Ea","Real Time (automated)",0,0,"Output VAT","Input VAT"
"Product_85","3-Way ball valve","MC-0041","M&C","3L/PV-1","PVDF","Spare Part","TRUE","TRUE","Stockable Product","Make to Order","Buy","Standard Price","Ea","Ea","Real Time (automated)",0,0,"Output VAT","Input VAT"
"Product_86","Mounting Flow Aarm sensor","MC-0042","M&C","FA-20mo",,"Spare Part","TRUE","TRUE","Stockable Product","Make to Order","Buy","Standard Price","Ea","Ea","Real Time (automated)",0,0,"Output VAT","Input VAT"
"Product_87","Universal filter","MC-0043","M&C","FP-20T-D",,"Spare Part","TRUE","TRUE","Stockable Product","Make to Order","Buy","Standard Price","Ea","Ea","Real Time (automated)",0,0,"Output VAT","Input VAT"
"Product_88","Universal filter","MC-0044","M&C","FSS-20SS-D",,"Spare Part","TRUE","TRUE","Stockable Product","Make to Order","Buy","Standard Price","Ea","Ea","Real Time (automated)",0,0,"Output VAT","Input VAT"
"Product_89","Compressor gas cooler","MC-0045","M&C","ECS-1G,","230VAC","Equipment","TRUE","TRUE","Stockable Product","Make to Order","Buy","Standard Price","Ea","Ea","Real Time (automated)",0,0,"Output VAT","Input VAT"
"Product_90","Compressor gas cooler","MC-0046","M&C","ECS-1PV","230V","Equipment","TRUE","TRUE","Stockable Product","Make to Order","Buy","Standard Price","Ea","Ea","Real Time (automated)",0,0,"Output VAT","Input VAT"
"Product_91","Compressor gas cooler","MC-0047","M&C","EC-EX-1SS",,"Equipment","TRUE","TRUE","Stockable Product","Make to Order","Buy","Standard Price","Ea","Ea","Real Time (automated)",0,0,"Output VAT","Input VAT"
"Product_92","Compressor gas cooler","MC-0048","M&C","ECM-1","23VAC","Equipment","TRUE","TRUE","Stockable Product","Make to Order","Buy","Standard Price","Ea","Ea","Real Time (automated)",0,0,"Output VAT","Input VAT"
"Product_93","Heat exchanger","MC-0049","M&C","EC-G",,"Spare Part","TRUE","TRUE","Stockable Product","Make to Order","Buy","Standard Price","Ea","Ea","Real Time (automated)",0,0,"Output VAT","Input VAT"
"Product_94","Heat exchanger","MC-0050","M&C","EC-PV","PVDF","Spare Part","TRUE","TRUE","Stockable Product","Make to Order","Buy","Standard Price","Ea","Ea","Real Time (automated)",0,0,"Output VAT","Input VAT"
"Product_95","PT100 for :","MC-0051","M&C","EC/ECS",,"Spare Part","TRUE","TRUE","Stockable Product","Make to Order","Buy","Standard Price","Ea","Ea","Real Time (automated)",0,0,"Output VAT","Input VAT"
"Product_96","Temperature indicator for :","MC-0052","M&C","EC,ECS",,"Spare Part","TRUE","TRUE","Stockable Product","Make to Order","Buy","Standard Price","Ea","Ea","Real Time (automated)",0,0,"Output VAT","Input VAT"
"Product_97","Universal unit","MC-0053","M&C","EC-FD","230V/50Hz.","Equipment","TRUE","TRUE","Stockable Product","Make to Order","Buy","Standard Price","Ea","Ea","Real Time (automated)",0,0,"Output VAT","Input VAT"
"Product_98","Analytical cliaphragm pump","MC-0054","M&C","MP47-Z",,"Equipment","TRUE","TRUE","Stockable Product","Make to Order","Buy","Standard Price","Ea","Ea","Real Time (automated)",0,0,"Output VAT","Input VAT"
"Product_99","Analytical diaphragm pump","MC-0055","M&C","MP47/Ex",",230VAC :","Equipment","TRUE","TRUE","Stockable Product","Make to Order","Buy","Standard Price","Ea","Ea","Real Time (automated)",0,0,"Output VAT","Input VAT"
"Product_100","Analytical diaphragm pump :","MC-0056","M&C",,,"Equipment","TRUE","TRUE","Stockable Product","Make to Order","Buy","Standard Price","Ea","Ea","Real Time (automated)",0,0,"Output VAT","Input VAT"
"Product_101","Diaphragm pump :","MC-0057","M&C","N5 KPE",,"Equipment","TRUE","TRUE","Stockable Product","Make to Order","Buy","Standard Price","Ea","Ea","Real Time (automated)",0,0,"Output VAT","Input VAT"
"Product_102","Diaphragm pump","MC-0058","M&C","N9 KPE without housing :",,"Equipment","TRUE","TRUE","Stockable Product","Make to Order","Buy","Standard Price","Ea","Ea","Real Time (automated)",0,0,"Output VAT","Input VAT"
"Product_103","Liquid sensor, with 4 m connecting :","MC-0059","M&C","LA1S",,"Equipment","TRUE","TRUE","Stockable Product","Make to Order","Buy","Standard Price","Ea","Ea","Real Time (automated)",0,0,"Output VAT","Input VAT"
"Product_104","Electronic Controller 230V :","MC-0060","M&C","LA1.5",,"Equipment","TRUE","TRUE","Stockable Product","Make to Order","Buy","Standard Price","Ea","Ea","Real Time (automated)",0,0,"Output VAT","Input VAT"
"Product_105","Electronic controller","MC-0061","M&C","LA 1.4","24V AC/DC","Equipment","TRUE","TRUE","Stockable Product","Make to Order","Buy","Standard Price","Ea","Ea","Real Time (automated)",0,0,"Output VAT","Input VAT"
"Product_106","Flow chamber :","MC-0062","M&C","LS/LA PVDF",,"Equipment","TRUE","TRUE","Stockable Product","Make to Order","Buy","Standard Price","Ea","Ea","Real Time (automated)",0,0,"Output VAT","Input VAT"
"Product_107","Filter for liquide particles","MC-0063","M&C","CLF-5",,"Equipment","TRUE","TRUE","Stockable Product","Make to Order","Buy","Standard Price","Ea","Ea","Real Time (automated)",0,0,"Output VAT","Input VAT"
"Product_108","Filter for liquid particles","MC-0064","M&C","CLF-5/W",,"Equipment","TRUE","TRUE","Stockable Product","Make to Order","Buy","Standard Price","Ea","Ea","Real Time (automated)",0,0,"Output VAT","Input VAT"
"Product_109","Analitical diaphragm pump","MC-0065","M&C","MP06",,"Equipment","TRUE","TRUE","Stockable Product","Make to Order","Buy","Standard Price","Ea","Ea","Real Time (automated)",0,0,"Output VAT","Input VAT"
"Product_110","Analytical diaphragm pump","MC-0066","M&C","MP06",,"Equipment","TRUE","TRUE","Stockable Product","Make to Order","Buy","Standard Price","Ea","Ea","Real Time (automated)",0,0,"Output VAT","Input VAT"
"Product_111","Connections","MC-0067","M&C","CY-S","6/8","Spare Part","TRUE","TRUE","Stockable Product","Make to Order","Buy","Standard Price","Ea","Ea","Real Time (automated)",0,0,"Output VAT","Input VAT"
"Product_112","Heated sample line","MC-0068","M&C","4M6/8-S",,"Spare Part","TRUE","TRUE","Stockable Product","Make to Order","Buy","Standard Price","Ea","Ea","Real Time (automated)",0,0,"Output VAT","Input VAT"
"Product_113","Male connector","MC-0069","M&C","DN4/6","G1/8"", PVDF :","Spare Part","TRUE","TRUE","Stockable Product","Make to Order","Buy","Standard Price","Ea","Ea","Real Time (automated)",0,0,"Output VAT","Input VAT"
"Product_114","Male connector","MC-0070","M&C","DN4/6-G10/4""","PVDF","Spare Part","TRUE","TRUE","Stockable Product","Make to Order","Buy","Standard Price","Ea","Ea","Real Time (automated)",0,0,"Output VAT","Input VAT"
"Product_115","Male connector","MC-0071","M&C","DN8/10-G1/4""","PVDF","Spare Part","TRUE","TRUE","Stockable Product","Make to Order","Buy","Standard Price","Ea","Ea","Real Time (automated)",0,0,"Output VAT","Input VAT"
"Product_116","Union PV :","MC-0072","M&C",,"DN4/6mm:","Spare Part","TRUE","TRUE","Stockable Product","Make to Order","Buy","Standard Price","Ea","Ea","Real Time (automated)",0,0,"Output VAT","Input VAT"
"Product_117","Bulkhead union","MC-0073","M&C",,"DN4/6 PVDF :","Spare Part","TRUE","TRUE","Stockable Product","Make to Order","Buy","Standard Price","Ea","Ea","Real Time (automated)",0,0,"Output VAT","Input VAT"
"Product_118","Union elebow","MC-0074","M&C","DN10/12","PVDF","Spare Part","TRUE","TRUE","Stockable Product","Make to Order","Buy","Standard Price","Ea","Ea","Real Time (automated)",0,0,"Output VAT","Input VAT"
"Product_119","WE PVDF DN 4/6-G 1/4"" :","MC-0075","M&C",,"DN 4/6-G 1/4""","Spare Part","TRUE","TRUE","Stockable Product","Make to Order","Buy","Standard Price","Ea","Ea","Real Time (automated)",0,0,"Output VAT","Input VAT"
"Product_120","Elebow male connector","MC-0076","M&C","DN10/12-G1/2""","PVDF","Spare Part","TRUE","TRUE","Stockable Product","Make to Order","Buy","Standard Price","Ea","Ea","Real Time (automated)",0,0,"Output VAT","Input VAT"
"Product_121","Union tee","MC-0077","M&C",,"DN4/6 PVDF :","Spare Part","TRUE","TRUE","Stockable Product","Make to Order","Buy","Standard Price","Ea","Ea","Real Time (automated)",0,0,"Output VAT","Input VAT"
"Product_122","Union tee","MC-0078","M&C","DN6/8","PP","Spare Part","TRUE","TRUE","Stockable Product","Make to Order","Buy","Standard Price","Ea","Ea","Real Time (automated)",0,0,"Output VAT","Input VAT"
"Product_123","Ferrule","MC-0079","M&C","DN4/6","PVDF","Spare Part","TRUE","TRUE","Stockable Product","Make to Order","Buy","Standard Price","Ea","Ea","Real Time (automated)",0,0,"Output VAT","Input VAT"
"Product_124","Spare parts union nut","MC-0080","M&C","M10-4/6","PVDF","Spare Part","TRUE","TRUE","Stockable Product","Make to Order","Buy","Standard Price","Ea","Ea","Real Time (automated)",0,0,"Output VAT","Input VAT"
"Product_125","Flowmeter","MC-0081","M&C","FM–10/100",,"Spare Part","TRUE","TRUE","Stockable Product","Make to Order","Buy","Standard Price","Ea","Ea","Real Time (automated)",0,0,"Output VAT","Input VAT"
"Product_126","Flowmeter","MC-0082","M&C","FM–10/500",,"Spare Part","TRUE","TRUE","Stockable Product","Make to Order","Buy","Standard Price","Ea","Ea","Real Time (automated)",0,0,"Output VAT","Input VAT"
"Product_127","Mounting Flowmeter","MC-0083","M&C","FM-25-250NL/h",,"Spare Part","TRUE","TRUE","Stockable Product","Make to Order","Buy","Standard Price","Ea","Ea","Real Time (automated)",0,0,"Output VAT","Input VAT"
"Product_128","Connector/adaptor","MC-0084","M&C","GL25 DN4/6 PV",,"Spare Part","TRUE","TRUE","Stockable Product","Make to Order","Buy","Standard Price","Ea","Ea","Real Time (automated)",0,0,"Output VAT","Input VAT"
"Product_129","Automatic condensate trap","MC-0085","M&C",,,"Spare Part","TRUE","TRUE","Stockable Product","Make to Order","Buy","Standard Price","Ea","Ea","Real Time (automated)",0,0,"Output VAT","Input VAT"
"Product_130","Condensate pot","MC-0086","M&C","TG-1 :",,"Spare Part","TRUE","TRUE","Stockable Product","Make to Order","Buy","Standard Price","Ea","Ea","Real Time (automated)",0,0,"Output VAT","Input VAT"
"Product_131","Pre-filter","MC-0087","M&C","V20-0",,"Spare Part","TRUE","TRUE","Stockable Product","Make to Order","Buy","Standard Price","Ea","Ea","Real Time (automated)",0,0,"Output VAT","Input VAT"
"Product_132","Portable Gas Sample probe:","MC-0088","M&C","PSP4000-H/C/T",,"Spare Part","TRUE","TRUE","Stockable Product","Make to Order","Buy","Standard Price","Ea","Ea","Real Time (automated)",0,0,"Output VAT","Input VAT"
"Product_133","Filter element","MC-0089","M&C","F-20T",,"Spare Part","TRUE","TRUE","Stockable Product","Make to Order","Buy","Standard Price","Ea","Ea","Real Time (automated)",0,0,"Output VAT","Input VAT"
"Product_134","Filter element","MC-0090","M&C","F-2K",,"Spare Part","TRUE","TRUE","Stockable Product","Make to Order","Buy","Standard Price","Ea","Ea","Real Time (automated)",0,0,"Output VAT","Input VAT"
"Product_135","Filter element:","MC-0091","M&C","F-20K",,"Spare Part","TRUE","TRUE","Stockable Product","Make to Order","Buy","Standard Price","Ea","Ea","Real Time (automated)",0,0,"Output VAT","Input VAT"
"Product_136","Spare filter element","MC-0092","M&C","F-20SS",,"Spare Part","TRUE","TRUE","Stockable Product","Make to Order","Buy","Standard Price","Ea","Ea","Real Time (automated)",0,0,"Output VAT","Input VAT"
"Product_137","Filter element","MC-0093","M&C","F-0, 1GF",,"Spare Part","TRUE","TRUE","Stockable Product","Make to Order","Buy","Standard Price","Ea","Ea","Real Time (automated)",0,0,"Output VAT","Input VAT"
"Product_138","Sealing ring","MC-0094","M&C","GL25-12mm",,"Spare Part","TRUE","TRUE","Stockable Product","Make to Order","Buy","Standard Price","Ea","Ea","Real Time (automated)",0,0,"Output VAT","Input VAT"
"Product_139","Sealing ring GL25-8mm :","MC-0095","M&C",,"GL25-8mm","Spare Part","TRUE","TRUE","Stockable Product","Make to Order","Buy","Standard Price","Ea","Ea","Real Time (automated)",0,0,"Output VAT","Input VAT"
"Product_140","Filter element clamp","MC-0096","M&C","F-SS150",,"Spare Part","TRUE","TRUE","Stockable Product","Make to Order","Buy","Standard Price","Ea","Ea","Real Time (automated)",0,0,"Output VAT","Input VAT"
"Product_141","Filter head","MC-0097","M&C","FSS",,"Spare Part","TRUE","TRUE","Stockable Product","Make to Order","Buy","Standard Price","Ea","Ea","Real Time (automated)",0,0,"Output VAT","Input VAT"
"Product_142","Filter element","MC-0098","M&C","F-02SS150",,"Spare Part","TRUE","TRUE","Stockable Product","Make to Order","Buy","Standard Price","Ea","Ea","Real Time (automated)",0,0,"Output VAT","Input VAT"
"Product_143","Filter pot","MC-0099","M&C","type F-240SS-D","G1/4""","Spare Part","TRUE","TRUE","Stockable Product","Make to Order","Buy","Standard Price","Ea","Ea","Real Time (automated)",0,0,"Output VAT","Input VAT"
"Product_144","Filter element","MC-0100","M&C","F-100SSG",,"Spare Part","TRUE","TRUE","Stockable Product","Make to Order","Buy","Standard Price","Ea","Ea","Real Time (automated)",0,0,"Output VAT","Input VAT"
"Product_145","Spare part set 1 :","MC-0101","M&C","LB-1",,"Spare Part","TRUE","TRUE","Stockable Product","Make to Order","Buy","Standard Price","Ea","Ea","Real Time (automated)",0,0,"Output VAT","Input VAT"
"Product_146","PF2 Pre-filter for :","MC-0102","M&C","SR25",,"Spare Part","TRUE","TRUE","Stockable Product","Make to Order","Buy","Standard Price","Ea","Ea","Real Time (automated)",0,0,"Output VAT","Input VAT"
"Product_147","Thermal conductivity paste, 50g. :","MC-0103","M&C",,,"Spare Part","TRUE","TRUE","Stockable Product","Make to Order","Buy","Standard Price","Ea","Ea","Real Time (automated)",0,0,"Output VAT","Input VAT"
"Product_148","Mounting clip AD-SS for wall mounting :","MC-0104","M&C",,,"Spare Part","TRUE","TRUE","Stockable Product","Make to Order","Buy","Standard Price","Ea","Ea","Real Time (automated)",0,0,"Output VAT","Input VAT"
"Product_149","Set of flexible Tube/Pipe for pump","MC-0105","M&C","SR25","DN4/6mm","Spare Part","TRUE","TRUE","Stockable Product","Make to Order","Buy","Standard Price","Ea","Ea","Real Time (automated)",0,0,"Output VAT","Input VAT"
"Product_150","Set of flexible Tube/Pipe for pump","MC-0106","M&C","SR25","1/4""","Spare Part","TRUE","TRUE","Stockable Product","Make to Order","Buy","Standard Price","Ea","Ea","Real Time (automated)",0,0,"Output VAT","Input VAT"
"Product_151","Contact spring of persistaltic pump:","MC-0107","M&C","SR25.1",,"Spare Part","TRUE","TRUE","Stockable Product","Make to Order","Buy","Standard Price","Ea","Ea","Real Time (automated)",0,0,"Output VAT","Input VAT"
"Product_152","Contact pulley","MC-0108","M&C","SR25.1",,"Spare Part","TRUE","TRUE","Stockable Product","Make to Order","Buy","Standard Price","Ea","Ea","Real Time (automated)",0,0,"Output VAT","Input VAT"
"Product_153","Conveying belt for :","MC-0109","M&C","SR25.1",,"Spare Part","TRUE","TRUE","Stockable Product","Make to Order","Buy","Standard Price","Ea","Ea","Real Time (automated)",0,0,"Output VAT","Input VAT"
"Product_154","Spare shaft for track roller","MC-0110","M&C","SR25",,"Spare Part","TRUE","TRUE","Stockable Product","Make to Order","Buy","Standard Price","Ea","Ea","Real Time (automated)",0,0,"Output VAT","Input VAT"
"Product_155","Driver plate","MC-0111","M&C","SR25.1 :",,"Spare Part","TRUE","TRUE","Stockable Product","Make to Order","Buy","Standard Price","Ea","Ea","Real Time (automated)",0,0,"Output VAT","Input VAT"
"Product_156","Diaphragm","MC-0112","M&C","K for Mp47/MP47-Z",,"Spare Part","TRUE","TRUE","Stockable Product","Make to Order","Buy","Standard Price","Ea","Ea","Real Time (automated)",0,0,"Output VAT","Input VAT"
"Product_157","Valve plate type T for","MC-0113","M&C","MP47","PTFE","Spare Part","TRUE","TRUE","Stockable Product","Make to Order","Buy","Standard Price","Ea","Ea","Real Time (automated)",0,0,"Output VAT","Input VAT"
"Product_158","Diaphragm for pump","MC-0114","M&C","MP30",,"Spare Part","TRUE","TRUE","Stockable Product","Make to Order","Buy","Standard Price","Ea","Ea","Real Time (automated)",0,0,"Output VAT","Input VAT"
"Product_159","Valve plate for pump","MC-0115","M&C","MP30, FFPM",,"Spare Part","TRUE","TRUE","Stockable Product","Make to Order","Buy","Standard Price","Ea","Ea","Real Time (automated)",0,0,"Output VAT","Input VAT"
"Product_160","Square cap for","MC-0116","M&C","MP30, G1/8"" i","PVDF :","Spare Part","TRUE","TRUE","Stockable Product","Make to Order","Buy","Standard Price","Ea","Ea","Real Time (automated)",0,0,"Output VAT","Input VAT"
"Product_161","Spacer","MC-0117","M&C","MP30","PVDF","Spare Part","TRUE","TRUE","Stockable Product","Make to Order","Buy","Standard Price","Ea","Ea","Real Time (automated)",0,0,"Output VAT","Input VAT"
"Product_162","Pressure plate","MC-0118","M&C","MP30",,"Spare Part","TRUE","TRUE","Stockable Product","Make to Order","Buy","Standard Price","Ea","Ea","Real Time (automated)",0,0,"Output VAT","Input VAT"
"Product_163","Valve reed","MC-0119","M&C","V3 for N3-N5 KPE","Viton","Spare Part","TRUE","TRUE","Stockable Product","Make to Order","Buy","Standard Price","Ea","Ea","Real Time (automated)",0,0,"Output VAT","Input VAT"
"Product_164","O-Ring","MC-0120","M&C","type O3, N3-N5 KPE","Viton","Spare Part","TRUE","TRUE","Stockable Product","Make to Order","Buy","Standard Price","Ea","Ea","Real Time (automated)",0,0,"Output VAT","Input VAT"
"Product_165","Diaphragm","MC-0121","M&C","S3 -N3-N5 KPE",,"Spare Part","TRUE","TRUE","Stockable Product","Make to Order","Buy","Standard Price","Ea","Ea","Real Time (automated)",0,0,"Output VAT","Input VAT"
"Product_166","Eccentric/ rod/ ballbearing","MC-0122","M&C","E3 for N3",,"Spare Part","TRUE","TRUE","Stockable Product","Make to Order","Buy","Standard Price","Ea","Ea","Real Time (automated)",0,0,"Output VAT","Input VAT"
"Product_167","Valve plate with seal , Viton :","MC-0123","M&C","N9 KPE",,"Spare Part","TRUE","TRUE","Stockable Product","Make to Order","Buy","Standard Price","Ea","Ea","Real Time (automated)",0,0,"Output VAT","Input VAT"
"Product_168","Diaphragm type S9","MC-0124","M&C","N9 KPE, Viton/PTFE :",,"Spare Part","TRUE","TRUE","Stockable Product","Make to Order","Buy","Standard Price","Ea","Ea","Real Time (automated)",0,0,"Output VAT","Input VAT"
"Product_169","Filter element :","MC-0125","M&C","type S-2K",,"Spare Part","TRUE","TRUE","Stockable Product","Make to Order","Buy","Standard Price","Ea","Ea","Real Time (automated)",0,0,"Output VAT","Input VAT"
"Product_170","Sealing ring","MC-0126","M&C","GL18-6mm","PTFE","Spare Part","TRUE","TRUE","Stockable Product","Make to Order","Buy","Standard Price","Ea","Ea","Real Time (automated)",0,0,"Output VAT","Input VAT"
"Product_171","ECP1000, 2000, 3000 fan.","MC-0127","M&C","1000, 2000, 3000 fan.",,"Spare Part","TRUE","TRUE","Stockable Product","Make to Order","Buy","Standard Price","Ea","Ea","Real Time (automated)",0,0,"Output VAT","Input VAT"
"Product_172","Peltier element","MC-0128","M&C","ECP1000",,"Spare Part","TRUE","TRUE","Stockable Product","Make to Order","Buy","Standard Price","Ea","Ea","Real Time (automated)",0,0,"Output VAT","Input VAT"
"Product_173","Peltier element ECP1000 :","MC-0129","M&C",,,"Spare Part","TRUE","TRUE","Stockable Product","Make to Order","Buy","Standard Price","Ea","Ea","Real Time (automated)",0,0,"Output VAT","Input VAT"
"Product_174","Peltier element ECP1000 for ambient >50'C :","MC-0130","M&C","ECP1000",,"Spare Part","TRUE","TRUE","Stockable Product","Make to Order","Buy","Standard Price","Ea","Ea","Real Time (automated)",0,0,"Output VAT","Input VAT"
"Product_175","Jet stream heat exchanger","MC-0131","M&C",,,"Spare Part","TRUE","TRUE","Stockable Product","Make to Order","Buy","Standard Price","Ea","Ea","Real Time (automated)",0,0,"Output VAT","Input VAT"
"Product_176","Peltier element","MC-0132","M&C","6x6 ECP-2000/3000 :",,"Spare Part","TRUE","TRUE","Stockable Product","Make to Order","Buy","Standard Price","Ea","Ea","Real Time (automated)",0,0,"Output VAT","Input VAT"
"Product_177","O-Ring (39) for and CLF,","MC-0133","M&C","SP2000","Viton","Spare Part","TRUE","TRUE","Stockable Product","Make to Order","Buy","Standard Price","Ea","Ea","Real Time (automated)",0,0,"Output VAT","Input VAT"
"Product_178","O-Ring (55)","MC-0134","M&C","SP2000","Viton","Spare Part","TRUE","TRUE","Stockable Product","Make to Order","Buy","Standard Price","Ea","Ea","Real Time (automated)",0,0,"Output VAT","Input VAT"
"Product_179","NO2/NO Catalyst-cartridge","MC-0135","M&C","CG–C :",,"Spare Part","TRUE","TRUE","Stockable Product","Make to Order","Buy","Standard Price","Ea","Ea","Real Time (automated)",0,0,"Output VAT","Input VAT"
"Product_180","Solenoid valve","MC-0136","M&C","ECM/SCC-C",,"Spare Part","TRUE","TRUE","Stockable Product","Make to Order","Buy","Standard Price","Ea","Ea","Real Time (automated)",0,0,"Output VAT","Input VAT"
"Product_181","Mounting pump for","MC-0137","M&C",,,"Spare Part","TRUE","TRUE","Stockable Product","Make to Order","Buy","Standard Price","Ea","Ea","Real Time (automated)",0,0,"Output VAT","Input VAT"
"Product_182","Peristaltic Pump N3KPE :","MC-0138","M&C",,,"Spare Part","TRUE","TRUE","Stockable Product","Make to Order","Buy","Standard Price","Ea","Ea","Real Time (automated)",0,0,"Output VAT","Input VAT"
"Product_183","Additional Electronic Controller","MC-0139","M&C",,,"Spare Part","TRUE","TRUE","Stockable Product","Make to Order","Buy","Standard Price","Ea","Ea","Real Time (automated)",0,0,"Output VAT","Input VAT"
"Product_184","Filter","MC-0140","M&C","FPF-2-0.3 GF",,"Spare Part","TRUE","TRUE","Stockable Product","Make to Order","Buy","Standard Price","Ea","Ea","Real Time (automated)",0,0,"Output VAT","Input VAT"
"Product_185","Male Connector","TH-000116","Swaglok","SS-810-1-8","OD 1/2"" x 1/2"" NPT","Equipment","TRUE","TRUE","Stockable Product","Make to Order","Buy","Standard Price","Ea","Ea","Real Time (automated)",0,0,"Output VAT","Input VAT"
"Product_186","Male Connector","TH-000117","Swaglok","SS-810-1-12","OD 1/2"" x 3/4"" M-NPT #","Equipment","TRUE","TRUE","Stockable Product","Make to Order","Buy","Standard Price","Ea","Ea","Real Time (automated)",0,0,"Output VAT","Input VAT"
"Product_187","Male Connector","TH-000118","Swaglok","SS-400-1-8","OD 1/4"" x 1/2"" NPT","Equipment","TRUE","TRUE","Stockable Product","Make to Order","Buy","Standard Price","Ea","Ea","Real Time (automated)",0,0,"Output VAT","Input VAT"
"Product_188","Male Connector","TH-000119","Swaglok","SS-400-1-4","OD 1/4"" x 1/4"" NPT","Equipment","TRUE","TRUE","Stockable Product","Make to Order","Buy","Standard Price","Ea","Ea","Real Time (automated)",0,0,"Output VAT","Input VAT"
"Product_189","Male Connector","TH-000121","Swaglok",,"OD 1/4"" x 1/8"" M-NPT","Equipment","TRUE","TRUE","Stockable Product","Make to Order","Buy","Standard Price","Ea","Ea","Real Time (automated)",0,0,"Output VAT","Input VAT"
"Product_190","Male Connector","TH-000122","Swaglok","SS-400-1-2.","OD 1/4"" x 1/8"" R-PT","Equipment","TRUE","TRUE","Stockable Product","Make to Order","Buy","Standard Price","Ea","Ea","Real Time (automated)",0,0,"Output VAT","Input VAT"
"Product_191","Male Connector","TH-000123","Hylok",,"OD 1/4""x1/4""MNPT","Equipment","TRUE","TRUE","Stockable Product","Make to Order","Buy","Standard Price","Ea","Ea","Real Time (automated)",0,0,"Output VAT","Input VAT"
"Product_192","Male Connector","TH-000124","Swaglok","SS-1210-1-12","OD 3/4"" x 3/4"" NPT","Equipment","TRUE","TRUE","Stockable Product","Make to Order","Buy","Standard Price","Ea","Ea","Real Time (automated)",0,0,"Output VAT","Input VAT"
"Product_193","Male Connector","TH-000125","Swaglok","SS-CMC 6M-6G","OD 6 mm. x 3/8"" BSPP","Equipment","TRUE","TRUE","Stockable Product","Make to Order","Buy","Standard Price","Ea","Ea","Real Time (automated)",0,0,"Output VAT","Input VAT"
"Product_194","Male Connector","TH-000126","Hylok",,"OD. 1/4"" x 1/4"" MNPT SS316","Equipment","TRUE","TRUE","Stockable Product","Make to Order","Buy","Standard Price","Ea","Ea","Real Time (automated)",0,0,"Output VAT","Input VAT"
"Product_195","MALE CONNECTOR","TH-000130","Hylok",,"OD.1/4"" X 1/8""MISO","Equipment","TRUE","TRUE","Stockable Product","Make to Order","Buy","Standard Price","Ea","Ea","Real Time (automated)",0,0,"Output VAT","Input VAT"
"Product_196","Male connector","TH-000132","Hylok",,"1/4"" RT x OD 6 mm.","Equipment","TRUE","TRUE","Stockable Product","Make to Order","Buy","Standard Price","Ea","Ea","Real Time (automated)",0,0,"Output VAT","Input VAT"
"Product_197","Male Connector","TH-000133","Swaglok","SS-CMC 4-2N","OD 1/4""x1/8"" NPT;","Equipment","TRUE","TRUE","Stockable Product","Make to Order","Buy","Standard Price","Ea","Ea","Real Time (automated)",0,0,"Output VAT","Input VAT"
"Product_198","Male Connector","TH-000135","Swaglok","SS-CMC 2-2N","OD 1/8""x1/8"" NPT;","Equipment","TRUE","TRUE","Stockable Product","Make to Order","Buy","Standard Price","Ea","Ea","Real Time (automated)",0,0,"Output VAT","Input VAT"
"Product_199","Male Elbow","TH-000137","Swaglok","SS-400-2-4","OD 1/2"" x 1/2"" NPT","Equipment","TRUE","TRUE","Stockable Product","Make to Order","Buy","Standard Price","Ea","Ea","Real Time (automated)",0,0,"Output VAT","Input VAT"
"Product_200","Male Elbow","TH-000138","Hylok",,"OD 1/2"" x 3/4"" NPT SS","Equipment","TRUE","TRUE","Stockable Product","Make to Order","Buy","Standard Price","Ea","Ea","Real Time (automated)",0,0,"Output VAT","Input VAT"
"Product_201","Male Elbow","TH-000139","Swaglok","SS-CLMA 4-4N","OD 1/4"" x 1/4"" MNPT,","Equipment","TRUE","TRUE","Stockable Product","Make to Order","Buy","Standard Price","Ea","Ea","Real Time (automated)",0,0,"Output VAT","Input VAT"
"Product_202","Male Elbow","TH-000140","Swaglok","SS-400-2-4","OD 1/4"" x 1/4"" NPT","Equipment","TRUE","TRUE","Stockable Product","Make to Order","Buy","Standard Price","Ea","Ea","Real Time (automated)",0,0,"Output VAT","Input VAT"
"Product_203","Male Elbow","TH-000142","Swaglok","SS-CLMA 2-2N","OD 1/4"" x 1/8"" MNPT","Equipment","TRUE","TRUE","Stockable Product","Make to Order","Buy","Standard Price","Ea","Ea","Real Time (automated)",0,0,"Output VAT","Input VAT"
"Product_204","Male Elbow","TH-000143","Hylok",,"OD 1/4"" x 1/8"" NPT","Equipment","TRUE","TRUE","Stockable Product","Make to Order","Buy","Standard Price","Ea","Ea","Real Time (automated)",0,0,"Output VAT","Input VAT"
"Product_205","Male Elbow","TH-000144","Swaglok","SS-CLMA 2-2N","OD 1/8"" x 1/8"" M NPT","Equipment","TRUE","TRUE","Stockable Product","Make to Order","Buy","Standard Price","Ea","Ea","Real Time (automated)",0,0,"Output VAT","Input VAT"
"Product_206","Male Elbow","TH-000145","Swaglok","SS-1210-2-12","OD 3/4"" x 3/4"" NPT","Equipment","TRUE","TRUE","Stockable Product","Make to Order","Buy","Standard Price","Ea","Ea","Real Time (automated)",0,0,"Output VAT","Input VAT"
"Product_207","Laboratory Bottle Screwcap Clear (Blue Cap)","TH-000146",,,"500 ml,","Equipment","TRUE","TRUE","Stockable Product","Make to Order","Buy","Standard Price","Ea","Ea","Real Time (automated)",0,0,"Output VAT","Input VAT"
"Product_208","Hot Mark","TH-000147",,,"3.50 mm","Equipment","TRUE","TRUE","Stockable Product","Make to Order","Buy","Standard Price","Ea","Ea","Real Time (automated)",0,0,"Output VAT","Input VAT"
"Product_209","Hot Mark","TH-000148",,,"5.00 mm","Equipment","TRUE","TRUE","Stockable Product","Make to Order","Buy","Standard Price","Ea","Ea","Real Time (automated)",0,0,"Output VAT","Input VAT"
"Product_210","Hot Mark","TH-000149",,,"4.00 mm","Equipment","TRUE","TRUE","Stockable Product","Make to Order","Buy","Standard Price","Ea","Ea","Real Time (automated)",0,0,"Output VAT","Input VAT"
"Product_211","Temp sensor ohm","TH-000150","WRW","RTD PT-100","3 wire(Single element)","Equipment","TRUE","TRUE","Stockable Product","Make to Order","Buy","Standard Price","Ea","Ea","Real Time (automated)",0,0,"Output VAT","Input VAT"
"Product_212","เครื่องวัด/ควบคุมอุณหภูมิ","TH-000151","SMC","WCS-13A-SS/MM",",BK100-240V,Multi-range 2ch","Instrument-Analyzer","TRUE","TRUE","Stockable Product","Make to Order","Buy","Standard Price","Ea","Ea","Real Time (automated)",0,0,"Output VAT","Input VAT"
"Product_213","Support Ball Valve","TH-000152",,,"3/4"" Protech SS304 Thk2mm","Equipment","TRUE","TRUE","Stockable Product","Make to Order","Buy","Standard Price","Ea","Ea","Real Time (automated)",0,0,"Output VAT","Input VAT"
"Product_214","Oil filter","TH-000153","YUPAO","B-50",,"Filter Element","TRUE","TRUE","Stockable Product","Make to Order","Buy","Standard Price","Ea","Ea","Real Time (automated)",0,0,"Output VAT","Input VAT"
"Product_215","Calibration dewpoint","TH-000154",,"SADP,Red Spot S/N 1345-8 with Sensor S/N 08-3097","-75 to -20 DegC.DP","Calibration","TRUE","TRUE","Stockable Product","Make to Order","Buy","Standard Price","Ea","Ea","Real Time (automated)",0,0,"Output VAT","Input VAT"
"Product_216","Male Connector","TH-000155","Hylok",,"OD. 1/4"" x 1/4"" MNPT","Fitting","TRUE","TRUE","Stockable Product","Make to Order","Buy","Standard Price","Ea","Ea","Real Time (automated)",0,0,"Output VAT","Input VAT"
"Product_217","Tube/Pipe Seamless /L 316SS","TH-000156","Hylok",,"OD.1/4""x0.035"" WTx6m.","Tube/Pipe","TRUE","TRUE","Stockable Product","Make to Order","Buy","Standard Price","Ea","Ea","Real Time (automated)",0,0,"Output VAT","Input VAT"
"Product_218","Tube/Pipe PTFE","TH-000157",,,"OD12 x ID10mm","Tube/Pipe","TRUE","TRUE","Stockable Product","Make to Order","Buy","Standard Price","Ea","Ea","Real Time (automated)",0,0,"Output VAT","Input VAT"
"Product_219","Fan,Ventilating","TH-000158",,"W2S130-AA03-87",,"Other Equipment","TRUE","TRUE","Stockable Product","Make to Order","Buy","Standard Price","Ea","Ea","Real Time (automated)",0,0,"Output VAT","Input VAT"
"Product_220","Cover Glass Square","TH-000159",,,"11oz","Labware","TRUE","TRUE","Stockable Product","Make to Order","Buy","Standard Price","Ea","Ea","Real Time (automated)",0,0,"Output VAT","Input VAT"
"Product_221","Bag Filter","TH-000160",,"PP 5 Micron","Dia 7""x31""","Filter Element","TRUE","TRUE","Stockable Product","Make to Order","Buy","Standard Price","Ea","Ea","Real Time (automated)",0,0,"Output VAT","Input VAT"
"Product_222","12 ml. Clear Vials","TH-000161",,"with Teflon-Lined Caps,","200/pkg","Labware","TRUE","TRUE","Stockable Product","Make to Order","Buy","Standard Price","Ea","Ea","Real Time (automated)",0,0,"Output VAT","Input VAT"
"Product_223","ชุดวาง Tube/Pipe. พับ + เจาะรูตามแบบ","TH-000162",,,"หนา 1.5มม ขนาด 135 x 57 x 365 มม","Spare Part","TRUE","TRUE","Stockable Product","Make to Order","Buy","Standard Price","Ea","Ea","Real Time (automated)",0,0,"Output VAT","Input VAT"
"Product_224","ชุดวาง Tube/Pipe. พับ + เจาะรูตามแบบ","TH-000163",,,"หนา 1.5มม ขนาด130 x 55 x 360 มม","Spare Part","TRUE","TRUE","Stockable Product","Make to Order","Buy","Standard Price","Ea","Ea","Real Time (automated)",0,0,"Output VAT","Input VAT"
"Product_225","Electrolyte_black Potassium Hydroxide Solution","TH-000164",,"DF-E05",,"Manufacturing Supplies","TRUE","TRUE","Stockable Product","Make to Order","Buy","Standard Price","Ea","Ea","Real Time (automated)",0,0,"Output VAT","Input VAT"
"Product_226","Glass Beads","TH-000165",,,"2mm pack 500g.","Spare Part","TRUE","TRUE","Stockable Product","Make to Order","Buy","Standard Price","Ea","Ea","Real Time (automated)",0,0,"Output VAT","Input VAT"
"Product_227","Mount","TH-000166",,"60 Shore","16 x 15 M4","Spare Part","TRUE","TRUE","Stockable Product","Make to Order","Buy","Standard Price","Ea","Ea","Real Time (automated)",0,0,"Output VAT","Input VAT"
"Product_228","Gas Sampling Rubber bag","TH-000167",,"HS-5",,"Equipment","TRUE","TRUE","Stockable Product","Make to Order","Buy","Standard Price","Ea","Ea","Real Time (automated)",0,0,"Output VAT","Input VAT"
"Product_229","Encloser Box","TH-000168",,,"W650 x H1000 x D350mm","Equipment","TRUE","TRUE","Stockable Product","Make to Order","Buy","Standard Price","Ea","Ea","Real Time (automated)",0,0,"Output VAT","Input VAT"
"Product_230","3-Way Ball Valve SS Tube/Pipe ends","TH-000169",,"112 Series","10mm.","Equipment","TRUE","TRUE","Stockable Product","Make to Order","Buy","Standard Price","Ea","Ea","Real Time (automated)",0,0,"Output VAT","Input VAT"
"Product_231","Tube/Pipe Materail SS","TH-000170",,,"10mm, thickness 1.5mm","Equipment","TRUE","TRUE","Stockable Product","Make to Order","Buy","Standard Price","Ea","Ea","Real Time (automated)",0,0,"Output VAT","Input VAT"
"Product_232","Thermometer Hydrometer","TH-000171",,"90080-03",,"Instrument-Analyzer","TRUE","TRUE","Stockable Product","Make to Order","Buy","Standard Price","Ea","Ea","Real Time (automated)",0,0,"Output VAT","Input VAT"
"Product_233","Oil filter","TH-000172","YUPAO","B-100",,"Spare Part","TRUE","TRUE","Stockable Product","Make to Order","Buy","Standard Price","Ea","Ea","Real Time (automated)",0,0,"Output VAT","Input VAT"
"Product_234","Round Bottom Flask","TH-000173",,"with joint24/29;Duran","250ml","Equipment","TRUE","TRUE","Stockable Product","Make to Order","Buy","Standard Price","Ea","Ea","Real Time (automated)",0,0,"Output VAT","Input VAT"
"Product_235","Calibration Liquid in Glass Thermometer","TH-000174",,,"Cal 20,30,40,50C","Calibration","TRUE","TRUE","Stockable Product","Make to Order","Buy","Standard Price","Ea","Ea","Real Time (automated)",0,0,"Output VAT","Input VAT"
"Product_236","Nitrogen Ultra","TH-000175",,"High Purity",,"Manufacturing Supplies","TRUE","TRUE","Stockable Product","Make to Order","Buy","Standard Price","Ea","Ea","Real Time (automated)",0,0,"Output VAT","Input VAT"
"Product_237","Tedlar bag","TH-000176",,,"Size 1 L, SS,DUAL,10PK","Equipment","TRUE","TRUE","Stockable Product","Make to Order","Buy","Standard Price","Ea","Ea","Real Time (automated)",0,0,"Output VAT","Input VAT"
"Product_238","Peltier Thermoeletric Cooling Modules","TH-000177",,"TEC1-12706",,"Spare Part","TRUE","TRUE","Stockable Product","Make to Order","Buy","Standard Price","Ea","Ea","Real Time (automated)",0,0,"Output VAT","Input VAT"
"Product_239","Female Branch Tee","TH-000178",,,"OD 1/4"" x 1/4"" FNPT","Equipment","TRUE","TRUE","Stockable Product","Make to Order","Buy","Standard Price","Ea","Ea","Real Time (automated)",0,0,"Output VAT","Input VAT"
"Product_240","Signal Conditioning Modules :","TH-000179",,"SC4380",,"Equipment","TRUE","TRUE","Stockable Product","Make to Order","Buy","Standard Price","Ea","Ea","Real Time (automated)",0,0,"Output VAT","Input VAT"
"Product_241","Air Filter","TH-000180",,"P/N C36840/1 (MANN FILTER)",,"Spare Part","TRUE","TRUE","Stockable Product","Make to Order","Buy","Standard Price","Ea","Ea","Real Time (automated)",0,0,"Output VAT","Input VAT"
"Product_242","ชุดรางนีออน 1x10W","TH-000181","Phillip","DEL PL BS","1x10w","Equipment","TRUE","TRUE","Stockable Product","Make to Order","Buy","Standard Price","Ea","Ea","Real Time (automated)",0,0,"Output VAT","Input VAT"
"Product_243","Suction /Filtering Flask","TH-000182","Pirex",,"1000 ml.","Equipment","TRUE","TRUE","Stockable Product","Make to Order","Buy","Standard Price","Ea","Ea","Real Time (automated)",0,0,"Output VAT","Input VAT"
"Product_244","Tygon E-3603","TH-000183","Tygon","ACF00007","ID1/8"" x OD1/4"" 50ft,","Equipment","TRUE","TRUE","Stockable Product","Make to Order","Buy","Standard Price","Ea","Ea","Real Time (automated)",0,0,"Output VAT","Input VAT"
"Product_245","Tygon E-3603","TH-000184","Tygon","ACF00012","ID3/16"" x OD5/16"" 50ft","Equipment","TRUE","TRUE","Stockable Product","Make to Order","Buy","Standard Price","Ea","Ea","Real Time (automated)",0,0,"Output VAT","Input VAT"
"Product_246","Tygon E-3603","TH-000185","Tygon","ACF00027","ID3/8"" x OD1/2"" 50ft,","Equipment","TRUE","TRUE","Stockable Product","Make to Order","Buy","Standard Price","Ea","Ea","Real Time (automated)",0,0,"Output VAT","Input VAT"
"Product_247","Tygon E-3603","TH-000186","Tygon","ACF00028","ID3/8"" x OD9/16"" 50ft,","Equipment","TRUE","TRUE","Stockable Product","Make to Order","Buy","Standard Price","Ea","Ea","Real Time (automated)",0,0,"Output VAT","Input VAT"
"Product_248","Rate-Master Flowmeters","TH-000188","DWYER","RMB-83D-SSV","1-20/0.065-1.25 GPH & LPM Water","Indicator & Controller","TRUE","TRUE","Stockable Product","Make to Order","Buy","Standard Price","Ea","Ea","Real Time (automated)",0,0,"Output VAT","Input VAT"
"Product_249","Therma; Shut off Valve","TH-000189","WIKA","7-01137E","Trip point 49°C/120°F","Indicator & Controller","TRUE","TRUE","Stockable Product","Make to Order","Buy","Standard Price","Ea","Ea","Real Time (automated)",0,0,"Output VAT","Input VAT"
"Product_250","Position indicating switch for TSV","TH-000190","WIKA","4-05144A",,"Indicator & Controller","TRUE","TRUE","Stockable Product","Make to Order","Buy","Standard Price","Ea","Ea","Real Time (automated)",0,0,"Output VAT","Input VAT"
"Product_251","Back pressure regulator/ Relief Valve","TH-000191","WIKA","BPRVa-20",,"Valve, Regulator","TRUE","TRUE","Stockable Product","Make to Order","Buy","Standard Price","Ea","Ea","Real Time (automated)",0,0,"Output VAT","Input VAT"
"Product_252","Sample cooler","TH-000192","WIKA","TLR-4225","Tube/Pipe design : 1/4"" OD SS316/316L
Pressure rating : 345 bar@540°C","Cooler - Compressor","TRUE","TRUE","Stockable Product","Make to Order","Buy","Standard Price","Ea","Ea","Real Time (automated)",0,0,"Output VAT","Input VAT"
"Product_253","Check valve","TH-000193","Swagelok","SS-4C-1","1/4""","Fitting","TRUE","TRUE","Stockable Product","Make to Order","Buy","Standard Price","Ea","Ea","Real Time (automated)",0,0,"Output VAT","Input VAT"
"Product_254","Needle valve","TH-000194","Swagelok","SS-1VF4","1/4"" FNPT","Fitting","TRUE","TRUE","Stockable Product","Make to Order","Buy","Standard Price","Ea","Ea","Real Time (automated)",0,0,"Output VAT","Input VAT"
"Product_255","Red Cap (จุกแดง)","TH-000195","Iglass",,"GL25","Labware","TRUE","TRUE","Stockable Product","Make to Order","Buy","Standard Price","Ea","Ea","Real Time (automated)",0,0,"Output VAT","Input VAT"
"Product_256","Silicone Cap (จุกยางซิลิโคน)","TH-000196","Iglass",,"ID 10mm","Labware","TRUE","TRUE","Stockable Product","Make to Order","Buy","Standard Price","Ea","Ea","Real Time (automated)",0,0,"Output VAT","Input VAT"
"Product_257","MALE CONNECTOR","TH-000197","Swagelok","SS-400-1-4","OD.1/4"" X 1/4"" M-NPT MAT.316-SS","Fitting","TRUE","TRUE","Stockable Product","Make to Order","Buy","Standard Price","Ea","Ea","Real Time (automated)",0,0,"Output VAT","Input VAT"
"Product_258","REDUCING BUSHING","TH-000198","Swagelok",,"3/4"" MNPT X 1/2"" F NPT .316-SS","Fitting","TRUE","TRUE","Stockable Product","Make to Order","Buy","Standard Price","Ea","Ea","Real Time (automated)",0,0,"Output VAT","Input VAT"
"Product_259","Ball Valve","TH-000199","Exion","STOCK-34-S80-BV","1/4"" NPT","Valve, Regulator","TRUE","TRUE","Stockable Product","Make to Order","Buy","Standard Price","Ea","Ea","Real Time (automated)",0,0,"Output VAT","Input VAT"
"Product_260","Ball Valve","TH-000200","Exion","STOCK-37-S80-BV","3/4"" NPT","Valve, Regulator","TRUE","TRUE","Stockable Product","Make to Order","Buy","Standard Price","Ea","Ea","Real Time (automated)",0,0,"Output VAT","Input VAT"
"Product_261","PRESSURE REGULATOR","TH-000201","Go","Series 5",,"Valve, Regulator","TRUE","TRUE","Stockable Product","Make to Order","Buy","Standard Price","Ea","Ea","Real Time (automated)",0,0,"Output VAT","Input VAT"
"Product_262","Male Elbow","TH-000202","Swagelok",,"OD 1/4"" x 1/4"" NPT","Valve, Regulator","TRUE","TRUE","Stockable Product","Make to Order","Buy","Standard Price","Ea","Ea","Real Time (automated)",0,0,"Output VAT","Input VAT"
"Product_263","Temp sensor","TH-000203","WRW","WR18","Sheath RTD PT-100 ohm 3 wire (Single element) Sensor Class A Total length 1580 mm, Sleev Dia 8 mm. Lead wire teflon length 0.05 m","Sensor","TRUE","TRUE","Stockable Product","Make to Order","Buy","Standard Price","Set","Set","Real Time (automated)",0,0,"Output VAT","Input VAT"
"Product_264","ผ้า PE/PE 450 G","TH-000204",,,"กวาง210 ซม. X ยาว1 เมตร","Manufacturing Supplies","TRUE","TRUE","Stockable Product","Make to Order","Buy","Standard Price","Meter","Meter","Real Time (automated)",0,0,"Output VAT","Input VAT"
"Product_265","Process Meter","TH-000205","Fluke",789,,"Indicator & Controller","TRUE","TRUE","Stockable Product","Make to Order","Buy","Standard Price","Ea","Ea","Real Time (automated)",0,0,"Output VAT","Input VAT"
"Product_266","Software for Process meter","TH-000206","Fluke","SVF-SC2",,"Manufacturing Supplies","TRUE","TRUE","Stockable Product","Make to Order","Buy","Standard Price","Set","Set","Real Time (automated)",0,0,"Output VAT","Input VAT"
"Product_267","Dewpoint Transimitter","TH-000207","Vaisala","DMT-242","Range -80 - 20 Cel.","Transmitter","TRUE","TRUE","Stockable Product","Make to Order","Buy","Standard Price","Set","Set","Real Time (automated)",0,0,"Output VAT","Input VAT"
"Product_268","Circuit Breaker","TH-000208","HAGER","MU125","25A MCB 6KA 240V , 1-P","Electronic & Electric Shop","TRUE","TRUE","Stockable Product","Make to Order","Buy","Standard Price","Ea","Ea","Real Time (automated)",0,0,"Output VAT","Input VAT"
"Product_269","Transportation","TH-000209",,,,"Delivery","TRUE","TRUE","Stockable Product","Make to Order","Buy","Standard Price","Ea","Ea","Real Time (automated)",0,0,"Output VAT","Input VAT"
"Product_270","Hotplate and Magnetic Stirrer","TH-000210","IKA","C-MAG HS7","Speed range : 100 - 1,500 Rpm.Temp.range : 50-500 C","Labware","TRUE","TRUE","Stockable Product","Make to Order","Buy","Standard Price","Set","Set","Real Time (automated)",0,0,"Output VAT","Input VAT"
"Product_271","PHI-Head Aluminum For Thermocouple","TH-000211",,,"Head Big Aluminum 1/2""","Labware","TRUE","TRUE","Stockable Product","Make to Order","Buy","Standard Price","Ea","Ea","Real Time (automated)",0,0,"Output VAT","Input VAT"
"Product_272","PHI-Head Aluminum For Thermocouple","TH-000212",,,"Terminal Big 3 Pole Ceramic","Labware","TRUE","TRUE","Stockable Product","Make to Order","Buy","Standard Price","Ea","Ea","Real Time (automated)",0,0,"Output VAT","Input VAT"
"Product_273","TUBING PHARMEDBPT","TH-000213","COLE-PARMER",,"0.51 mm ID 100'","Tube/Pipe","TRUE","TRUE","Stockable Product","Make to Order","Buy","Standard Price","Roll","Roll","Real Time (automated)",0,0,"Output VAT","Input VAT"
"Product_274","Actuator,Double Acting Pneumatic","TH-000214","Parker","AP0-DA",,"Valve, Regulator","TRUE","TRUE","Stockable Product","Make to Order","Buy","Standard Price","Ea","Ea","Real Time (automated)",0,0,"Output VAT","Input VAT"
"Product_275","Namur Valve","TH-000215","Parker","BNKAD6JNc2-496","3/2-5/2 24 VDC","Valve, Regulator","TRUE","TRUE","Stockable Product","Make to Order","Buy","Standard Price","Ea","Ea","Real Time (automated)",0,0,"Output VAT","Input VAT"
"Product_276","Ball Valve","TH-000216","Parker",,"3 PC, 1/2"", SS304","Valve, Regulator","TRUE","TRUE","Stockable Product","Make to Order","Buy","Standard Price","Ea","Ea","Real Time (automated)",0,0,"Output VAT","Input VAT"
"Product_277","Limit Switch Box","TH-000217","APL","APL210N","2 SPDT","Electronic & Electric Shop","TRUE","TRUE","Stockable Product","Make to Order","Buy","Standard Price","Ea","Ea","Real Time (automated)",0,0,"Output VAT","Input VAT"
"Product_278","Pressure Guage","TH-000218","Nuovafima",,,"Indicator & Controller","TRUE","TRUE","Stockable Product","Make to Order","Buy","Standard Price","Ea","Ea","Real Time (automated)",0,0,"Output VAT","Input VAT"
"Product_279","ค่าบริการสอบเทียบ","TH-000219",,,"Dew-Point Tag No. L-1027-01 R -75 to -20 C.
""SADP, Red Spot"" S/N 1037 with sensor S/N 10-6799","Calibration","TRUE","TRUE","Stockable Product","Make to Order","Buy","Standard Price","Set","Set","Real Time (automated)",0,0,"Output VAT","Input VAT"
"Product_280","ล้างทําความสะอาด","TH-000220",,,"Chamber, Sensor","Other Service","TRUE","TRUE","Stockable Product","Make to Order","Buy","Standard Price","Ea","Ea","Real Time (automated)",0,0,"Output VAT","Input VAT"
"Product_281","อบไล่ความชื้น","TH-000221",,,"Molecular Seive","Other Service","TRUE","TRUE","Stockable Product","Make to Order","Buy","Standard Price","Ea","Ea","Real Time (automated)",0,0,"Output VAT","Input VAT"
"Product_282","Box Assembly Spare Part","TH-000222","TIS","MTISBOX00000",,"Other spare part","TRUE","TRUE","Stockable Product","Make to Order","Buy","Standard Price","Ea","Ea","Real Time (automated)",0,0,"Output VAT","Input VAT"
"Product_283","นาฬิกาจับเวลาถอยหลัง","TH-000223","Casio","BK-333",,"Other Equipment","TRUE","TRUE","Stockable Product","Make to Order","Buy","Standard Price","Ea","Ea","Real Time (automated)",0,0,"Output VAT","Input VAT"
"Product_284","Flow Meter and Switch","TH-000224","Kobold","SMV-3203HR0R08","0.15-1.7LPM,Water, 350 Bar max/Temp. : 100C max media, Stainless steel body & Brass nickle plate, Con : G 1/4""","Indicator & Controller","TRUE","TRUE","Stockable Product","Make to Order","Buy","Standard Price","Ea","Ea","Real Time (automated)",0,0,"Output VAT","Input VAT"
"Product_285","Tube/Pipe SS","TH-000225",,,"OD 1/4""x0.049""wt, 6m./pc. SS","Tube/Pipe","TRUE","TRUE","Stockable Product","Make to Order","Buy","Standard Price","Ea","Ea","Real Time (automated)",0,0,"Output VAT","Input VAT"
"Product_286","Male Elbow","TH-000226","Hylok","SS-CLMA 2-2N","OD 1/8"" x 1/8"" M NPT","Fitting","TRUE","TRUE","Stockable Product","Make to Order","Buy","Standard Price","Ea","Ea","Real Time (automated)",0,0,"Output VAT","Input VAT"
"Product_287","Female Branch Tee","TH-000227","Hylok",,"OD 1/4"" x 1/4"" FNPT","Fitting","TRUE","TRUE","Stockable Product","Make to Order","Buy","Standard Price","Ea","Ea","Real Time (automated)",0,0,"Output VAT","Input VAT"
"Product_288","Tube/Pipe A269/A213","TH-000228","Hylok",,"OD 6mm x1mm W/T SMLS Stain.steel","Tube/Pipe","TRUE","TRUE","Stockable Product","Make to Order","Buy","Standard Price","Ea","Ea","Real Time (automated)",0,0,"Output VAT","Input VAT"
"Product_289","Male Connector","TH-000229","Hylok","SS-CMC 6M-6G","OD 6 mm. x 3/8"" BSPP","Fitting","TRUE","TRUE","Stockable Product","Make to Order","Buy","Standard Price","Ea","Ea","Real Time (automated)",0,0,"Output VAT","Input VAT"
"Product_290","Male Connector","TH-000230","Swagelok","SS-400-1-4","OD 1/4"" x 1/4"" NPT","Fitting","TRUE","TRUE","Stockable Product","Make to Order","Buy","Standard Price","Ea","Ea","Real Time (automated)",0,0,"Output VAT","Input VAT"
"Product_291","Male Connector","TH-000231","Swagelok","SS-400-1-8","OD 1/4"" x 1/2"" NPT","Fitting","TRUE","TRUE","Stockable Product","Make to Order","Buy","Standard Price","Ea","Ea","Real Time (automated)",0,0,"Output VAT","Input VAT"
"Product_292","Male Connector","TH-000232","Swagelok","SS-810-1-8","OD 1/2"" x 1/2"" NPT","Fitting","TRUE","TRUE","Stockable Product","Make to Order","Buy","Standard Price","Ea","Ea","Real Time (automated)",0,0,"Output VAT","Input VAT"
"Product_293","Male Connector","TH-000233","Swagelok","SS-1210-1-12","OD 3/4"" x 3/4"" NPT","Fitting","TRUE","TRUE","Stockable Product","Make to Order","Buy","Standard Price","Ea","Ea","Real Time (automated)",0,0,"Output VAT","Input VAT"
"Product_294","Male Elbow","TH-000234","Swagelok","SS-400-2-4","OD 1/4"" x 1/4"" NPT","Fitting","TRUE","TRUE","Stockable Product","Make to Order","Buy","Standard Price","Ea","Ea","Real Time (automated)",0,0,"Output VAT","Input VAT"
"Product_295","Male Elbow","TH-000235","Swagelok","SS-1210-2-12","OD 3/4"" x 3/4"" NPT","Fitting","TRUE","TRUE","Stockable Product","Make to Order","Buy","Standard Price","Ea","Ea","Real Time (automated)",0,0,"Output VAT","Input VAT"
"Product_296","Female Branch Tee","TH-000236","Swagelok","SS-400-3-4TTF","OD 1/4"" x 1/4"" NPT","Fitting","TRUE","TRUE","Stockable Product","Make to Order","Buy","Standard Price","Ea","Ea","Real Time (automated)",0,0,"Output VAT","Input VAT"
"Product_297","Union Tee","TH-000237","Swagelok","SS-400-3","OD 1/4""","Fitting","TRUE","TRUE","Stockable Product","Make to Order","Buy","Standard Price","Ea","Ea","Real Time (automated)",0,0,"Output VAT","Input VAT"
"Product_298","Case ใส่อุปกรณ์","TH-000238","PA Case",,"(For Oxygen Analyzer)","Accessory","TRUE","TRUE","Stockable Product","Make to Order","Buy","Standard Price","Ea","Ea","Real Time (automated)",0,0,"Output VAT","Input VAT"
"Product_299","Case ใสอุปกรณ","TH-000239","PA Case",,"ขนาด53*42*25.5ซม","Accessory","TRUE","TRUE","Stockable Product","Make to Order","Buy","Standard Price","Ea","Ea","Real Time (automated)",0,0,"Output VAT","Input VAT"
"Product_300","Thermocouple Thermometer","TH-000240","OAKTON",,,"Indicator & Controller","TRUE","TRUE","Stockable Product","Make to Order","Buy","Standard Price","Ea","Ea","Real Time (automated)",0,0,"Output VAT","Input VAT"
"Product_301","Temperature Surface Probe","TH-000241","OAKTON","08516-60",,"Indicator & Controller","TRUE","TRUE","Stockable Product","Make to Order","Buy","Standard Price","Ea","Ea","Real Time (automated)",0,0,"Output VAT","Input VAT"
"Product_302","Temperature Probe","TH-000242","OAKTON","08516-55","Type K","Indicator & Controller","TRUE","TRUE","Stockable Product","Make to Order","Buy","Standard Price","Ea","Ea","Real Time (automated)",0,0,"Output VAT","Input VAT"
"Product_303","Junction Box","TH-000243","Thaikana",,"250 x 250 x 150 mm, SS","Accessory","TRUE","TRUE","Stockable Product","Make to Order","Buy","Standard Price","Ea","Ea","Real Time (automated)",0,0,"Output VAT","Input VAT"
"Product_304","Reducer","TH-000244","Swagelok","SS-CR 2-4","OD 1/8"" x 1/4""","Fitting","TRUE","TRUE","Stockable Product","Make to Order","Buy","Standard Price","Ea","Ea","Real Time (automated)",0,0,"Output VAT","Input VAT"
"Product_305","Bulkhead Union","TH-000245","Swagelok","SS-CBU-2","OD 1/8""","Fitting","TRUE","TRUE","Stockable Product","Make to Order","Buy","Standard Price","Ea","Ea","Real Time (automated)",0,0,"Output VAT","Input VAT"
"Product_306","Reducing Union","TH-000246","Swagelok",,"OD 1/4"" x 6 mm. SUS316","Fitting","TRUE","TRUE","Stockable Product","Make to Order","Buy","Standard Price","Ea","Ea","Real Time (automated)",0,0,"Output VAT","Input VAT"
"Product_307","Regulator","TH-000247","Go","PR2-Series","PR2-2A01A3G1110A","Valve, Regulator","TRUE","TRUE","Stockable Product","Make to Order","Buy","Standard Price","Ea","Ea","Real Time (automated)",0,0,"Output VAT","Input VAT"
"Product_308","Ball Valve","TH-000248","Flowtek","STOCK-34-S80-BV","1/4""","Valve, Regulator","TRUE","TRUE","Stockable Product","Make to Order","Buy","Standard Price","Ea","Ea","Real Time (automated)",0,0,"Output VAT","Input VAT"
"Product_309","Ball Valve","TH-000249","Flowtek","STOCK-37-S80-BV","3/4""","Valve, Regulator","TRUE","TRUE","Stockable Product","Make to Order","Buy","Standard Price","Ea","Ea","Real Time (automated)",0,0,"Output VAT","Input VAT"
"Product_310","Wiring Duct","TH-000250","Teetech","T-201","40x40 mm (สี ขาวทึบ)","Electronic & Electric Shop","TRUE","TRUE","Stockable Product","Make to Order","Buy","Standard Price","Ea","Ea","Real Time (automated)",0,0,"Output VAT","Input VAT"
"Product_311","Water Proof TIM Box","TH-000251",,,"75x125x55 mm","Electronic & Electric Shop","TRUE","TRUE","Stockable Product","Make to Order","Buy","Standard Price","Ea","Ea","Real Time (automated)",0,0,"Output VAT","Input VAT"
"Product_312","สายไฟ","TH-000252","Yasaki",,"VCT-GRD 2 x 1.5 /1","Electronic & Electric Shop","TRUE","TRUE","Stockable Product","Make to Order","Buy","Standard Price","Meter","Meter","Real Time (automated)",0,0,"Output VAT","Input VAT"
"Product_313","Wire Duct สี ขาวทึบ","TH-000253","Teetech",,"W40xH60 mm","Electronic & Electric Shop","TRUE","TRUE","Stockable Product","Make to Order","Buy","Standard Price","Ea","Ea","Real Time (automated)",0,0,"Output VAT","Input VAT"
"Product_314","Connector Flex","TH-000254",,,"Black, 1/2""","Electronic & Electric Shop","TRUE","TRUE","Stockable Product","Make to Order","Buy","Standard Price","Ea","Ea","Real Time (automated)",0,0,"Output VAT","Input VAT"
"Product_315","Glass Tube/Pipe","TH-000255",,,"OD 32 mm/200 mm.L. เกลียว 45 mm.OD/30 mm ID.","Labware","TRUE","TRUE","Stockable Product","Make to Order","Buy","Standard Price","Ea","Ea","Real Time (automated)",0,0,"Output VAT","Input VAT"
"Product_316","Paper & Day 5-40C","TH-000256",,"80013-17","60 / Pack","Labware","TRUE","TRUE","Stockable Product","Make to Order","Buy","Standard Price","Ea","Ea","Real Time (automated)",0,0,"Output VAT","Input VAT"
"Product_317","Demine","TH-000257",,,"Size 20L","Manufacturing Supplies","TRUE","TRUE","Stockable Product","Make to Order","Buy","Standard Price","Ea","Ea","Real Time (automated)",0,0,"Output VAT","Input VAT"
"Product_318","UPVC Male","TH-000258",,,"1""","Accessory","TRUE","TRUE","Stockable Product","Make to Order","Buy","Standard Price","Ea","Ea","Real Time (automated)",0,0,"Output VAT","Input VAT"
"Product_319","UPVC Union","TH-000259",,,"1""","Accessory","TRUE","TRUE","Stockable Product","Make to Order","Buy","Standard Price","Ea","Ea","Real Time (automated)",0,0,"Output VAT","Input VAT"
"Product_320","UPVC TEE","TH-000260",,,"1""","Accessory","TRUE","TRUE","Stockable Product","Make to Order","Buy","Standard Price","Ea","Ea","Real Time (automated)",0,0,"Output VAT","Input VAT"
"Product_321","UPVC Female","TH-000261",,,"1""","Accessory","TRUE","TRUE","Stockable Product","Make to Order","Buy","Standard Price","Ea","Ea","Real Time (automated)",0,0,"Output VAT","Input VAT"
"Product_322","UPVC Pipe","TH-000262",,,"1""","Accessory","TRUE","TRUE","Stockable Product","Make to Order","Buy","Standard Price","Ea","Ea","Real Time (automated)",0,0,"Output VAT","Input VAT"
"Product_323","Clamp","TH-000263",,,"1""","Accessory","TRUE","TRUE","Stockable Product","Make to Order","Buy","Standard Price","Ea","Ea","Real Time (automated)",0,0,"Output VAT","Input VAT"
"Product_324","UPVC Elbow 90'","TH-000264",,,"1""","Accessory","TRUE","TRUE","Stockable Product","Make to Order","Buy","Standard Price","Ea","Ea","Real Time (automated)",0,0,"Output VAT","Input VAT"
"Product_325","Flowmeter","TH-000265","DWYER","RMA-26-SSV","Rate-master","Indicator & Controller","TRUE","TRUE","Stockable Product","Make to Order","Buy","Standard Price","Ea","Ea","Real Time (automated)",0,0,"Output VAT","Input VAT"
"Product_326","Flowmeter","TH-000266","DWYER","RMA-7-SSV","Rate-master","Indicator & Controller","TRUE","TRUE","Stockable Product","Make to Order","Buy","Standard Price","Ea","Ea","Real Time (automated)",0,0,"Output VAT","Input VAT"
"Product_327","Oil Filter","TH-000267",,,"B-100E","Filter Element","TRUE","TRUE","Stockable Product","Make to Order","Buy","Standard Price","Ea","Ea","Real Time (automated)",0,0,"Output VAT","Input VAT"
"Product_328","Air Regulator PO5506184","TH-000268","Parker","14R113F","NPT 1/4"" (0-150psi)","Valve, Regulator","TRUE","TRUE","Stockable Product","Make to Order","Buy","Standard Price","Ea","Ea","Real Time (automated)",0,0,"Output VAT","Input VAT"
"Product_329","UPVC Pipe","TH-000269",,,"1""","Accessory","TRUE","TRUE","Stockable Product","Make to Order","Buy","Standard Price","Ea","Ea","Real Time (automated)",0,0,"Output VAT","Input VAT"
"Product_330","Support SS304 Thk. 2mm.","TH-000270",,,"Regulator ""GO""","Accessory","TRUE","TRUE","Stockable Product","Make to Order","Buy","Standard Price","Ea","Ea","Real Time (automated)",0,0,"Output VAT","Input VAT"
"Product_331","Support SS304 Thk. 2mm.","TH-000271",,,"Needle Valve 1/4"" NPT","Accessory","TRUE","TRUE","Stockable Product","Make to Order","Buy","Standard Price","Ea","Ea","Real Time (automated)",0,0,"Output VAT","Input VAT"
"Product_332","Support SS304 Thk. 2mm.","TH-000272",,,"Ball Valve 3/4"" Protech","Accessory","TRUE","TRUE","Stockable Product","Make to Order","Buy","Standard Price","Ea","Ea","Real Time (automated)",0,0,"Output VAT","Input VAT"
"Product_333","Support SS304 Thk. 2mm.","TH-000273",,,"Ball Valve 1/4"" Protech","Accessory","TRUE","TRUE","Stockable Product","Make to Order","Buy","Standard Price","Ea","Ea","Real Time (automated)",0,0,"Output VAT","Input VAT"
"Product_334","UPVC Adaptor","TH-000274",,,,"Accessory","TRUE","TRUE","Stockable Product","Make to Order","Buy","Standard Price","Ea","Ea","Real Time (automated)",0,0,"Output VAT","Input VAT"
"Product_335","Cable Gland","TH-000275","Hawke",,"Nickle 501/453/1/2"" (12.5-20.5)","Accessory","TRUE","TRUE","Stockable Product","Make to Order","Buy","Standard Price","Ea","Ea","Real Time (automated)",0,0,"Output VAT","Input VAT"
"Product_336","Shroud","TH-000276","Hawke",,"1/2"" /A","Accessory","TRUE","TRUE","Stockable Product","Make to Order","Buy","Standard Price","Ea","Ea","Real Time (automated)",0,0,"Output VAT","Input VAT"
"Product_337","Plate SS304","TH-000277",,,"400 w x 700 L x 3 t (mm)","Accessory","TRUE","TRUE","Stockable Product","Make to Order","Buy","Standard Price","Ea","Ea","Real Time (automated)",0,0,"Output VAT","Input VAT"
"Product_338","Nitrogen Ultra High Purity","TH-000278",,,"Purity 99.999%, O2 < 2 ppm, H2O < 3 ppm, H/C < 1 ppm
Gas content 7 m3/cy","Manufacturing Supplies","TRUE","TRUE","Stockable Product","Make to Order","Buy","Standard Price","Ea","Ea","Real Time (automated)",0,0,"Output VAT","Input VAT"
"Product_339","Plate Flange SUS304","TH-000279",,,"DIA 4"" 150#RF","Accessory","TRUE","TRUE","Stockable Product","Make to Order","Buy","Standard Price","Ea","Ea","Real Time (automated)",0,0,"Output VAT","Input VAT"
"Product_340","Stud bolt","TH-000280",,,"B8 Dia 5/8x95mm","Accessory","TRUE","TRUE","Stockable Product","Make to Order","Buy","Standard Price","Ea","Ea","Real Time (automated)",0,0,"Output VAT","Input VAT"
"Product_341","Carbide Tiped Hole Saw","TH-000281","KUGEL",,"26mm","Machine shop","TRUE","TRUE","Stockable Product","Make to Order","Buy","Standard Price","Ea","Ea","Real Time (automated)",0,0,"Output VAT","Input VAT"
"Product_342","Name Plate : PVC","TH-000282",,,"100x60mm","Accessory","TRUE","TRUE","Stockable Product","Make to Order","Buy","Standard Price","Ea","Ea","Real Time (automated)",0,0,"Output VAT","Input VAT"
"Product_343","กระเป๋าผ้าใบไนล่อนบุฟองน้ำ","TH-000283",,,"สำหรับใส่เครื่องมือวัด","Accessory","TRUE","TRUE","Stockable Product","Make to Order","Buy","Standard Price","Ea","Ea","Real Time (automated)",0,0,"Output VAT","Input VAT"
"Product_344","Hypodermic needles luer lock gauge","TH-000284",,,"18"" x 6"" , SS","Indicator & Controller","TRUE","TRUE","Stockable Product","Make to Order","Buy","Standard Price","Ea","Ea","Real Time (automated)",0,0,"Output VAT","Input VAT"
"Product_345","Hypodermic needles luer lock gauge","TH-000285",,,"18"" x 12"" , SS","Indicator & Controller","TRUE","TRUE","Stockable Product","Make to Order","Buy","Standard Price","Ea","Ea","Real Time (automated)",0,0,"Output VAT","Input VAT"
"Product_346","Tubing Mflex","TH-000286","Tygon","06409-24",",Lab,#24 , L=50ft","Labware","TRUE","TRUE","Stockable Product","Make to Order","Buy","Standard Price","Ea","Ea","Real Time (automated)",0,0,"Output VAT","Input VAT"
"Product_347","PressureGauge","TH-000287","NUOVA FIMA",,"D-63mm R:0-6Bar NPT(Back)","Indicator & Controller","TRUE","TRUE","Stockable Product","Make to Order","Buy","Standard Price","Ea","Ea","Real Time (automated)",0,0,"Output VAT","Input VAT"
"Product_348","SS-Male Elbow","TH-000288","Hylok","CLMA2-2-N","OD 1/8""x1/8"" NPT-","Fitting","TRUE","TRUE","Stockable Product","Make to Order","Buy","Standard Price","Ea","Ea","Real Time (automated)",0,0,"Output VAT","Input VAT"
"Product_349","SS-Female Branch Tee","TH-000289","Hylok","CBTF-4-4N","OD1/4""x1/4"" NPTxOD 1/4""","Fitting","TRUE","TRUE","Stockable Product","Make to Order","Buy","Standard Price","Ea","Ea","Real Time (automated)",0,0,"Output VAT","Input VAT"
"Product_350","SS-Bulkhead Union","TH-000290","Hylok","CBU-2-4","OD 1/8""","Fitting","TRUE","TRUE","Stockable Product","Make to Order","Buy","Standard Price","Ea","Ea","Real Time (automated)",0,0,"Output VAT","Input VAT"
"Product_351","Water Pump","TH-000291","Shurflo",,"3.0 GPM, USA","Accessory","TRUE","TRUE","Stockable Product","Make to Order","Buy","Standard Price","Ea","Ea","Real Time (automated)",0,0,"Output VAT","Input VAT"
"Product_352","REGULATOR, PN PR2","TH-000292","GO","PR2-Series","2A01A3G1110A","Valve, Regulator","TRUE","TRUE","Stockable Product","Make to Order","Buy","Standard Price","Ea","Ea","Real Time (automated)",0,0,"Output VAT","Input VAT"
"Product_353","Reducer union","TH-000293","Swagelok",,"OD 1/4"" x OD 1/8"" ,SS316","Fitting","TRUE","TRUE","Stockable Product","Make to Order","Buy","Standard Price","Ea","Ea","Real Time (automated)",0,0,"Output VAT","Input VAT"
"Product_354","Bolt+Nut","TH-000294",,,"M24x10 mm, SS","Bolt, Nut, Screw, ","TRUE","TRUE","Stockable Product","Make to Order","Buy","Standard Price","Ea","Ea","Real Time (automated)",0,0,"Output VAT","Input VAT"
"Product_355","Bolt+Nut","TH-000295",,,"M20x10 mm, SS","Bolt, Nut, Screw, ","TRUE","TRUE","Stockable Product","Make to Order","Buy","Standard Price","Ea","Ea","Real Time (automated)",0,0,"Output VAT","Input VAT"
"Product_356","Tube Cutter Replacement wheel","TH-000296",,"MS-TCW-308",,"Manufacturing Supplies","TRUE","TRUE","Stockable Product","Make to Order","Buy","Standard Price","Ea","Ea","Real Time (automated)",0,0,"Output VAT","Input VAT"
"Product_357","Liquid Leak Detector","TH-000297",,"MS-SN00P-80z","size 80z.","Manufacturing Supplies","TRUE","TRUE","Stockable Product","Make to Order","Buy","Standard Price","Ea","Ea","Real Time (automated)",0,0,"Output VAT","Input VAT"
"Product_358","Tube Cutter Replacement wheel","TH-000298",,"MS-TCW-308",,"Manufacturing Supplies","TRUE","TRUE","Stockable Product","Make to Order","Buy","Standard Price","Ea","Ea","Real Time (automated)",0,0,"Output VAT","Input VAT"
"Product_359","Washer","TH-000299",,,"M25","Accessory","TRUE","TRUE","Stockable Product","Make to Order","Buy","Standard Price","Ea","Ea","Real Time (automated)",0,0,"Output VAT","Input VAT"
"Product_360","Shreud O","TH-000300",,,"PVC","Accessory","TRUE","TRUE","Stockable Product","Make to Order","Buy","Standard Price","Ea","Ea","Real Time (automated)",0,0,"Output VAT","Input VAT"
"Product_361","Lock Nut","TH-000301",,,"M25","Accessory","TRUE","TRUE","Stockable Product","Make to Order","Buy","Standard Price","Ea","Ea","Real Time (automated)",0,0,"Output VAT","Input VAT"
"Product_362","Shreud","TH-000302",,,"Size A, PVC","Accessory","TRUE","TRUE","Stockable Product","Make to Order","Buy","Standard Price","Ea","Ea","Real Time (automated)",0,0,"Output VAT","Input VAT"
"Product_363","Lock Nut","TH-000303",,,"M20","Accessory","TRUE","TRUE","Stockable Product","Make to Order","Buy","Standard Price","Ea","Ea","Real Time (automated)",0,0,"Output VAT","Input VAT"
"Product_364","Washer","TH-000304",,,"M20","Accessory","TRUE","TRUE","Stockable Product","Make to Order","Buy","Standard Price","Ea","Ea","Real Time (automated)",0,0,"Output VAT","Input VAT"
"Product_365","Reduct","TH-000305",,,"(M) M25 x (1) M20 OSCH","Accessory","TRUE","TRUE","Stockable Product","Make to Order","Buy","Standard Price","Ea","Ea","Real Time (automated)",0,0,"Output VAT","Input VAT"
"Product_366","Calibration","TH-000306",,,"Thermocouple Model : CPTEMP10K","Calibration","TRUE","TRUE","Stockable Product","Make to Order","Buy","Standard Price","Ea","Ea","Real Time (automated)",0,0,"Output VAT","Input VAT"
"Product_367","Cutter replacement","TH-000307",,"TCE-4546",,"Manufacturing Supplies","TRUE","TRUE","Stockable Product","Make to Order","Buy","Standard Price","Ea","Ea","Real Time (automated)",0,0,"Output VAT","Input VAT"
"Product_368","Silicone Tubing","TH-000308",,,"ID 8 mm. x OD 12 mm XL","Tube/Pipe","TRUE","TRUE","Stockable Product","Make to Order","Buy","Standard Price","Box","Box","Real Time (automated)",0,0,"Output VAT","Input VAT"
"Product_369","Air Regulator","TH-000309",,"05R113AD","NPT 1/4""","Valve, Regulator","TRUE","TRUE","Stockable Product","Make to Order","Buy","Standard Price","Ea","Ea","Real Time (automated)",0,0,"Output VAT","Input VAT"
"Product_370","Mounting Bracket Kits","TH-000310",,,"for 05E.05R","Accessory","TRUE","TRUE","Stockable Product","Make to Order","Buy","Standard Price","Ea","Ea","Real Time (automated)",0,0,"Output VAT","Input VAT"
"Product_371","Ball Valve","TH-000311",,,"PTFE/EPDM Socket ASTM , ,Size: 1 1/2""","Valve, Regulator","TRUE","TRUE","Stockable Product","Make to Order","Buy","Standard Price","Ea","Ea","Real Time (automated)",0,0,"Output VAT","Input VAT"
"Product_372","Pasteur pipet","TH-000312",,,"3 ml. (1pk=500ea)","Labware","TRUE","TRUE","Stockable Product","Make to Order","Buy","Standard Price","Ea","Ea","Real Time (automated)",0,0,"Output VAT","Input VAT"
"Product_373","Air Pressure Regulator",,"Control Air","100-BB","Port : 1/4"" Bar : 2-60 Psi,","Valve, Regulator","TRUE","TRUE","Stockable Product","Make to Order","Buy","Standard Price","Ea","Ea","Real Time (automated)",0,0,"Output VAT","Input VAT"
"Product_374","Cable Gland Brass",,,"#501/453/RAC/O/","M20","Accessory","TRUE","TRUE","Stockable Product","Make to Order","Buy","Standard Price","Ea","Ea","Real Time (automated)",0,0,"Output VAT","Input VAT"
"Product_375","Cable Gland Brass",,,"#501/421/B/","M25","Accessory","TRUE","TRUE","Stockable Product","Make to Order","Buy","Standard Price","Ea","Ea","Real Time (automated)",0,0,"Output VAT","Input VAT"
"Product_376","Shroud : A",,,,"LSFZH","Accessory","TRUE","TRUE","Stockable Product","Make to Order","Buy","Standard Price","Ea","Ea","Real Time (automated)",0,0,"Output VAT","Input VAT"
"Product_377","Shroud : B",,,,"PVC","Accessory","TRUE","TRUE","Stockable Product","Make to Order","Buy","Standard Price","Ea","Ea","Real Time (automated)",0,0,"Output VAT","Input VAT"
"Product_378","Brass Locknut",,,,"M20","Accessory","TRUE","TRUE","Stockable Product","Make to Order","Buy","Standard Price","Ea","Ea","Real Time (automated)",0,0,"Output VAT","Input VAT"
"Product_379","Brass Locknut",,,,"M25","Accessory","TRUE","TRUE","Stockable Product","Make to Order","Buy","Standard Price","Ea","Ea","Real Time (automated)",0,0,"Output VAT","Input VAT"
"Product_380","Nylon Seling Washers",,,,"M20","Accessory","TRUE","TRUE","Stockable Product","Make to Order","Buy","Standard Price","Ea","Ea","Real Time (automated)",0,0,"Output VAT","Input VAT"
"Product_381","Nylon Seling Washers",,,,"M25","Accessory","TRUE","TRUE","Stockable Product","Make to Order","Buy","Standard Price","Ea","Ea","Real Time (automated)",0,0,"Output VAT","Input VAT"
"Product_382","Brass Reducer",,"HAWKE",,"M25 X M20","Accessory","TRUE","TRUE","Stockable Product","Make to Order","Buy","Standard Price","Ea","Ea","Real Time (automated)",0,0,"Output VAT","Input VAT"
"Product_383","Glass Tubling",,,,"Dia 50 mm x 220 mm.","Labware","TRUE","TRUE","Stockable Product","Make to Order","Buy","Standard Price","Ea","Ea","Real Time (automated)",0,0,"Output VAT","Input VAT"
"Product_384","Oil filter",,"YUPAO",,"B-30","Filter Element","TRUE","TRUE","Stockable Product","Make to Order","Buy","Standard Price","Ea","Ea","Real Time (automated)",0,0,"Output VAT","Input VAT"
"Product_385","Tube Bender",,"RIDGID","# B404","1/4""","Machine shop","TRUE","TRUE","Stockable Product","Make to Order","Buy","Standard Price","Ea","Ea","Real Time (automated)",0,0,"Output VAT","Input VAT"
"Product_386","Pipe Plug Size :",,"Swagelok",,"OD 1/8"" x 1/4"" (Reducer)","Fitting","TRUE","TRUE","Stockable Product","Make to Order","Buy","Standard Price","Ea","Ea","Real Time (automated)",0,0,"Output VAT","Input VAT"
"Product_387","Reducer Union Size :",,"Swagelok",,"OD 8mm x 1/4""","Fitting","TRUE","TRUE","Stockable Product","Make to Order","Buy","Standard Price","Ea","Ea","Real Time (automated)",0,0,"Output VAT","Input VAT"
"Product_388","Male connector",,"Swagelok",,"Size : 1/4"" RT x OD 6 mm","Fitting","TRUE","TRUE","Stockable Product","Make to Order","Buy","Standard Price","Ea","Ea","Real Time (automated)",0,0,"Output VAT","Input VAT"
"Product_389","Oxygen Purity 99.8%",,,,"Gas content 7 m3/cyl","Manufacturing Supplies","TRUE","TRUE","Stockable Product","Make to Order","Buy","Standard Price","Cylinder","Cylinder","Real Time (automated)",0,0,"Output VAT","Input VAT"
"Product_391","Tubing Tygon",,"Cole Parmer","Cat no. 95608-24","ID 0.76mm. 12/Pack","Labware","TRUE","TRUE","Stockable Product","Make to Order","Buy","Standard Price","Pack","Pack","Real Time (automated)",0,0,"Output VAT","Input VAT"
"Product_392","GASKET TEFLON (WHITE)",,,,"OD. 44.5 x ID. 31 x 1.5 T mm.","Other spare part","TRUE","TRUE","Stockable Product","Make to Order","Buy","Standard Price","Ea","Ea","Real Time (automated)",0,0,"Output VAT","Input VAT"
"Product_393","Tubing MFLEX",,"Cole Parmer","cat.06508-16","Phamed 1212,#16.25'","Tube/Pipe","TRUE","TRUE","Stockable Product","Make to Order","Buy","Standard Price","Ea","Ea","Real Time (automated)",0,0,"Output VAT","Input VAT"
"Product_394","Heating Mantle",,"M-Top","E104","Cap: 1000 ml.Temp 400c, Korea","Labware","TRUE","TRUE","Stockable Product","Make to Order","Buy","Standard Price","Ea","Ea","Real Time (automated)",0,0,"Output VAT","Input VAT"
"Product_395","Socket Wrench",,"Koken",,"1/2"" DR. 12P. Size 28","Machine shop","TRUE","TRUE","Stockable Product","Make to Order","Buy","Standard Price","Ea","Ea","Real Time (automated)",0,0,"Output VAT","Input VAT"
"Product_396","Adjustable Wrench",,"BAHCO",,"6"" # 8070","Machine shop","TRUE","TRUE","Stockable Product","Make to Order","Buy","Standard Price","Ea","Ea","Real Time (automated)",0,0,"Output VAT","Input VAT"
"Product_397","Double Flare Nut Wrench",,"KingTony",,"1930 ;12x14 mm","Machine shop","TRUE","TRUE","Stockable Product","Make to Order","Buy","Standard Price","Ea","Ea","Real Time (automated)",0,0,"Output VAT","Input VAT"
"Product_398","ประแจแหวนข้างปากตาย",,"UNIOR",,"# 11","Machine shop","TRUE","TRUE","Stockable Product","Make to Order","Buy","Standard Price","Ea","Ea","Real Time (automated)",0,0,"Output VAT","Input VAT"
"Product_399","Temp Gauge Bimetal",,"Shinko",,"Type(T),T2""x2""L,0/100 C&F1/4""PT","Indicator & Controller","TRUE","TRUE","Stockable Product","Make to Order","Buy","Standard Price","Ea","Ea","Real Time (automated)",0,0,"Output VAT","Input VAT"
"Product_400","Inline Filter",,"Swagelok","SS-4F-7","OD 1/4"", 7 micron, SS316-SS,","Fitting","TRUE","TRUE","Stockable Product","Make to Order","Buy","Standard Price","Ea","Ea","Real Time (automated)",0,0,"Output VAT","Input VAT"
"Product_401","Brass3-Way Ball Valve",,"Hylok","112 Series","2500 PSIG 3/8"" FNPT","Fitting","TRUE","TRUE","Stockable Product","Make to Order","Buy","Standard Price","Ea","Ea","Real Time (automated)",0,0,"Output VAT","Input VAT"
"Product_402","Brass 2-Way Ball Valve",,"Hylok","112 Series","2500 PSIG 3/8"" FNPT","Fitting","TRUE","TRUE","Stockable Product","Make to Order","Buy","Standard Price","Ea","Ea","Real Time (automated)",0,0,"Output VAT","Input VAT"
"Product_403","Brass Male Elbow",,"Hylok",,"OD.10mm. x 1/4""MNPT","Fitting","TRUE","TRUE","Stockable Product","Make to Order","Buy","Standard Price","Ea","Ea","Real Time (automated)",0,0,"Output VAT","Input VAT"
"Product_404","Brass Male Elbow",,"Hylok",,"OD. 10mm. x 3/8""MNPT","Fitting","TRUE","TRUE","Stockable Product","Make to Order","Buy","Standard Price","Ea","Ea","Real Time (automated)",0,0,"Output VAT","Input VAT"
"Product_405","Brass Male Elbow",,"Hylok",,"OD. 10mm. x 1/2""MNPT","Fitting","TRUE","TRUE","Stockable Product","Make to Order","Buy","Standard Price","Ea","Ea","Real Time (automated)",0,0,"Output VAT","Input VAT"
"Product_406","Temp Sensor",,"WRW","WR12","Sheath Thermocouple Type J, (Single Element) Tube Sus 316L Dia. 1.6 mm 
Length 8.5 mm, Support Tube dia 4mm Length 17 mm
Connecttion : M9x28G
Lead Wire 0.32/4 GBS Length 2 M. w/ std male plug","Sensor","TRUE","TRUE","Stockable Product","Make to Order","Buy","Standard Price","Ea","Ea","Real Time (automated)",0,0,"Output VAT","Input VAT"
"Product_407","SEPARATORY FUNNEL",,,,"PTFE STOPCOCK ,24/29 PE STOPPER, 250 ml","Labware","TRUE","TRUE","Stockable Product","Make to Order","Buy","Standard Price","Ea","Ea","Real Time (automated)",0,0,"Output VAT","Input VAT"
"Product_408","Male Connector",,"Swagelok","SS-200-1-4","1/8""OD x 1/4"" M-NPT","Fitting","TRUE","TRUE","Stockable Product","Make to Order","Buy","Standard Price","Ea","Ea","Real Time (automated)",0,0,"Output VAT","Input VAT"
"Product_409","Male Connector",,"Swagelok","SS-400-1-4","OD 1/4"" x 1/4"" NPT","Fitting","TRUE","TRUE","Stockable Product","Make to Order","Buy","Standard Price","Ea","Ea","Real Time (automated)",0,0,"Output VAT","Input VAT"
"Product_410","Male Connector",,"Swagelok","SS-400-1-2.","OD 1/4"" x 1/8"" M-NPT","Fitting","TRUE","TRUE","Stockable Product","Make to Order","Buy","Standard Price","Ea","Ea","Real Time (automated)",0,0,"Output VAT","Input VAT"
"Product_411","Male Connector",,"Swagelok","SS-810-1-12","OD 1/2"" x 3/4"" M-NPT","Fitting","TRUE","TRUE","Stockable Product","Make to Order","Buy","Standard Price","Ea","Ea","Real Time (automated)",0,0,"Output VAT","Input VAT"
"Product_412","Gas Sampling Rubber Bag",,,,"HS-1L","Labware","TRUE","TRUE","Stockable Product","Make to Order","Buy","Standard Price","Ea","Ea","Real Time (automated)",0,0,"Output VAT","Input VAT"
"Product_413","Catridge Filter",,"M-PLUS","MCN114-66.5-500","OD 114 x ID66.5 x H 500 mm.","Labware","TRUE","TRUE","Stockable Product","Make to Order","Buy","Standard Price","Ea","Ea","Real Time (automated)",0,0,"Output VAT","Input VAT"
