"supplier/id","property_product_pricelist_purchase"
"res_partner_supplier_n_44","Purchase (USD)"
"res_partner_supplier_n_1","Purchase (EUR)"
"res_partner_supplier_n_3","Purchase (EUR)"
"res_partner_supplier_n_8","Purchase (EUR)"
"res_partner_supplier_n_8","Purchase (EUR)"
"res_partner_supplier_n_7","Purchase (GBP)"
"res_partner_supplier_n_7","Purchase (GBP)"
"res_partner_supplier_n_7","Purchase (GBP)"
"res_partner_supplier_n_5","Purchase (EUR)"
"res_partner_supplier_n_43","Purchase (USD)"
"res_partner_supplier_n_43","Purchase (USD)"
"res_partner_supplier_n_43","Purchase (USD)"
"res_partner_supplier_n_43","Purchase (USD)"
"res_partner_supplier_n_43","Purchase (USD)"
"res_partner_supplier_n_43","Purchase (USD)"
"res_partner_supplier_n_43","Purchase (USD)"
"res_partner_supplier_n_43","Purchase (USD)"
"res_partner_supplier_n_43","Purchase (USD)"
"res_partner_supplier_n_43","Purchase (USD)"
"res_partner_supplier_n_43","Purchase (USD)"
"res_partner_supplier_n_43","Purchase (USD)"
"res_partner_supplier_n_43","Purchase (USD)"
"res_partner_supplier_n_43","Purchase (USD)"
"res_partner_supplier_n_43","Purchase (USD)"
"res_partner_supplier_n_43","Purchase (USD)"
"res_partner_supplier_n_43","Purchase (USD)"
"res_partner_supplier_n_43","Purchase (USD)"
"res_partner_supplier_n_43","Purchase (USD)"
"res_partner_supplier_n_43","Purchase (USD)"
"res_partner_supplier_n_43","Purchase (USD)"
"res_partner_supplier_n_43","Purchase (USD)"
"res_partner_supplier_n_43","Purchase (USD)"
"res_partner_supplier_n_43","Purchase (USD)"
"res_partner_supplier_n_43","Purchase (USD)"
"res_partner_supplier_n_43","Purchase (USD)"
"res_partner_supplier_n_43","Purchase (USD)"
"res_partner_supplier_n_43","Purchase (USD)"
"res_partner_supplier_n_43","Purchase (USD)"
"res_partner_supplier_n_43","Purchase (USD)"
"res_partner_supplier_n_4","Purchase (EUR)"
"res_partner_supplier_n_4","Purchase (EUR)"
"res_partner_supplier_n_4","Purchase (EUR)"
"res_partner_supplier_n_4","Purchase (EUR)"
"res_partner_supplier_n_4","Purchase (EUR)"
"res_partner_supplier_n_4","Purchase (EUR)"
"res_partner_supplier_n_4","Purchase (EUR)"
"res_partner_supplier_n_4","Purchase (EUR)"
"res_partner_supplier_n_4","Purchase (EUR)"
"res_partner_supplier_n_4","Purchase (EUR)"
"res_partner_supplier_n_4","Purchase (EUR)"
"res_partner_supplier_n_4","Purchase (EUR)"
"res_partner_supplier_n_4","Purchase (EUR)"
"res_partner_supplier_n_4","Purchase (EUR)"
"res_partner_supplier_n_4","Purchase (EUR)"
"res_partner_supplier_n_4","Purchase (EUR)"
"res_partner_supplier_n_4","Purchase (EUR)"
"res_partner_supplier_n_4","Purchase (EUR)"
"res_partner_supplier_n_4","Purchase (EUR)"
"res_partner_supplier_n_4","Purchase (EUR)"
"res_partner_supplier_n_4","Purchase (EUR)"
"res_partner_supplier_n_4","Purchase (EUR)"
"res_partner_supplier_n_4","Purchase (EUR)"
"res_partner_supplier_n_4","Purchase (EUR)"
"res_partner_supplier_n_4","Purchase (EUR)"
"res_partner_supplier_n_4","Purchase (EUR)"
"res_partner_supplier_n_4","Purchase (EUR)"
"res_partner_supplier_n_4","Purchase (EUR)"
"res_partner_supplier_n_4","Purchase (EUR)"
"res_partner_supplier_n_4","Purchase (EUR)"
"res_partner_supplier_n_4","Purchase (EUR)"
"res_partner_supplier_n_4","Purchase (EUR)"
"res_partner_supplier_n_4","Purchase (EUR)"
"res_partner_supplier_n_4","Purchase (EUR)"
"res_partner_supplier_n_4","Purchase (EUR)"
"res_partner_supplier_n_4","Purchase (EUR)"
"res_partner_supplier_n_4","Purchase (EUR)"
"res_partner_supplier_n_4","Purchase (EUR)"
"res_partner_supplier_n_4","Purchase (EUR)"
"res_partner_supplier_n_4","Purchase (EUR)"
"res_partner_supplier_n_4","Purchase (EUR)"
"res_partner_supplier_n_4","Purchase (EUR)"
"res_partner_supplier_n_4","Purchase (EUR)"
"res_partner_supplier_n_4","Purchase (EUR)"
"res_partner_supplier_n_4","Purchase (EUR)"
"res_partner_supplier_n_4","Purchase (EUR)"
"res_partner_supplier_n_4","Purchase (EUR)"
"res_partner_supplier_n_4","Purchase (EUR)"
"res_partner_supplier_n_4","Purchase (EUR)"
"res_partner_supplier_n_4","Purchase (EUR)"
"res_partner_supplier_n_4","Purchase (EUR)"
"res_partner_supplier_n_4","Purchase (EUR)"
"res_partner_supplier_n_4","Purchase (EUR)"
"res_partner_supplier_n_4","Purchase (EUR)"
"res_partner_supplier_n_4","Purchase (EUR)"
"res_partner_supplier_n_4","Purchase (EUR)"
"res_partner_supplier_n_4","Purchase (EUR)"
"res_partner_supplier_n_4","Purchase (EUR)"
"res_partner_supplier_n_4","Purchase (EUR)"
"res_partner_supplier_n_4","Purchase (EUR)"
"res_partner_supplier_n_4","Purchase (EUR)"
"res_partner_supplier_n_4","Purchase (EUR)"
"res_partner_supplier_n_4","Purchase (EUR)"
"res_partner_supplier_n_4","Purchase (EUR)"
"res_partner_supplier_n_4","Purchase (EUR)"
"res_partner_supplier_n_4","Purchase (EUR)"
"res_partner_supplier_n_4","Purchase (EUR)"
"res_partner_supplier_n_4","Purchase (EUR)"
"res_partner_supplier_n_4","Purchase (EUR)"
"res_partner_supplier_n_4","Purchase (EUR)"
"res_partner_supplier_n_4","Purchase (EUR)"
"res_partner_supplier_n_4","Purchase (EUR)"
"res_partner_supplier_n_4","Purchase (EUR)"
"res_partner_supplier_n_4","Purchase (EUR)"
"res_partner_supplier_n_4","Purchase (EUR)"
"res_partner_supplier_n_4","Purchase (EUR)"
"res_partner_supplier_n_4","Purchase (EUR)"
"res_partner_supplier_n_4","Purchase (EUR)"
"res_partner_supplier_n_4","Purchase (EUR)"
"res_partner_supplier_n_4","Purchase (EUR)"
"res_partner_supplier_n_4","Purchase (EUR)"
"res_partner_supplier_n_4","Purchase (EUR)"
"res_partner_supplier_n_4","Purchase (EUR)"
"res_partner_supplier_n_4","Purchase (EUR)"
"res_partner_supplier_n_4","Purchase (EUR)"
"res_partner_supplier_n_4","Purchase (EUR)"
"res_partner_supplier_n_4","Purchase (EUR)"
"res_partner_supplier_n_4","Purchase (EUR)"
"res_partner_supplier_n_4","Purchase (EUR)"
"res_partner_supplier_n_4","Purchase (EUR)"
"res_partner_supplier_n_4","Purchase (EUR)"
"res_partner_supplier_n_4","Purchase (EUR)"
"res_partner_supplier_n_4","Purchase (EUR)"
"res_partner_supplier_n_4","Purchase (EUR)"
"res_partner_supplier_n_4","Purchase (EUR)"
"res_partner_supplier_n_4","Purchase (EUR)"
"res_partner_supplier_n_4","Purchase (EUR)"
"res_partner_supplier_n_4","Purchase (EUR)"
"res_partner_supplier_n_4","Purchase (EUR)"
"res_partner_supplier_n_4","Purchase (EUR)"
"res_partner_supplier_n_4","Purchase (EUR)"
"res_partner_supplier_n_4","Purchase (EUR)"
"res_partner_supplier_n_4","Purchase (EUR)"
"res_partner_supplier_n_4","Purchase (EUR)"
"res_partner_supplier_n_4","Purchase (EUR)"
"res_partner_supplier_n_4","Purchase (EUR)"
"res_partner_supplier_n_4","Purchase (EUR)"
"res_partner_supplier_n_4","Purchase (EUR)"
"res_partner_supplier_n_4","Purchase (EUR)"
"res_partner_supplier_n_4","Purchase (EUR)"
"res_partner_supplier_n_4","Purchase (EUR)"
"res_partner_supplier_n_4","Purchase (EUR)"
"res_partner_supplier_n_4","Purchase (EUR)"
"res_partner_supplier_n_4","Purchase (EUR)"
"res_partner_supplier_n_4","Purchase (EUR)"
"res_partner_supplier_n_4","Purchase (EUR)"
"res_partner_supplier_n_4","Purchase (EUR)"
"res_partner_supplier_n_4","Purchase (EUR)"
"res_partner_supplier_n_4","Purchase (EUR)"
"res_partner_supplier_n_4","Purchase (EUR)"
"res_partner_supplier_n_4","Purchase (EUR)"
"res_partner_supplier_n_4","Purchase (EUR)"
"res_partner_supplier_n_4","Purchase (EUR)"
"res_partner_supplier_n_4","Purchase (EUR)"
"res_partner_supplier_n_4","Purchase (EUR)"
"res_partner_supplier_n_4","Purchase (EUR)"
"res_partner_supplier_n_4","Purchase (EUR)"
"res_partner_supplier_n_4","Purchase (EUR)"
"res_partner_supplier_n_4","Purchase (EUR)"
"res_partner_supplier_n_4","Purchase (EUR)"
"res_partner_supplier_n_4","Purchase (EUR)"
"res_partner_supplier_n_4","Purchase (EUR)"
"res_partner_supplier_n_4","Purchase (EUR)"
"res_partner_supplier_n_4","Purchase (EUR)"
"res_partner_supplier_n_4","Purchase (EUR)"
"res_partner_supplier_n_4","Purchase (EUR)"
"res_partner_supplier_n_4","Purchase (EUR)"
"res_partner_supplier_n_4","Purchase (EUR)"
"res_partner_supplier_n_4","Purchase (EUR)"
"res_partner_supplier_n_4","Purchase (EUR)"
"res_partner_supplier_n_4","Purchase (EUR)"
"res_partner_supplier_n_4","Purchase (EUR)"
"res_partner_supplier_n_4","Purchase (EUR)"
"res_partner_supplier_n_4","Purchase (EUR)"
"res_partner_supplier_n_4","Purchase (EUR)"
"res_partner_supplier_n_4","Purchase (EUR)"
"res_partner_supplier_n_4","Purchase (EUR)"
"res_partner_supplier_n_4","Purchase (EUR)"
"res_partner_supplier_n_4","Purchase (EUR)"
"res_partner_supplier_n_4","Purchase (EUR)"
"res_partner_supplier_n_4","Purchase (EUR)"
"res_partner_supplier_n_4","Purchase (EUR)"
"res_partner_supplier_n_4","Purchase (EUR)"
"res_partner_supplier_n_4","Purchase (EUR)"
"res_partner_supplier_n_4","Purchase (EUR)"
"res_partner_supplier_n_4","Purchase (EUR)"
"res_partner_supplier_n_4","Purchase (EUR)"
"res_partner_supplier_n_4","Purchase (EUR)"
"res_partner_supplier_n_4","Purchase (EUR)"
"res_partner_supplier_n_4","Purchase (EUR)"
"res_partner_supplier_n_4","Purchase (EUR)"
"res_partner_supplier_n_4","Purchase (EUR)"
"res_partner_supplier_n_4","Purchase (EUR)"
"res_partner_supplier_n_4","Purchase (EUR)"
"res_partner_supplier_n_4","Purchase (EUR)"
"res_partner_supplier_n_4","Purchase (EUR)"
"res_partner_supplier_n_4","Purchase (EUR)"
"res_partner_supplier_n_4","Purchase (EUR)"
"res_partner_supplier_n_4","Purchase (EUR)"
"res_partner_supplier_n_4","Purchase (EUR)"
"res_partner_supplier_n_4","Purchase (EUR)"
"res_partner_supplier_n_4","Purchase (EUR)"
"res_partner_supplier_n_4","Purchase (EUR)"
"res_partner_supplier_n_4","Purchase (EUR)"
"res_partner_supplier_n_4","Purchase (EUR)"
"res_partner_supplier_n_4","Purchase (EUR)"
"res_partner_supplier_n_4","Purchase (EUR)"
"res_partner_supplier_n_4","Purchase (EUR)"
"res_partner_supplier_n_4","Purchase (EUR)"
"res_partner_supplier_n_4","Purchase (EUR)"
"res_partner_supplier_n_4","Purchase (EUR)"
"res_partner_supplier_n_4","Purchase (EUR)"
"res_partner_supplier_n_4","Purchase (EUR)"
"res_partner_supplier_n_4","Purchase (EUR)"
"res_partner_supplier_n_4","Purchase (EUR)"
"res_partner_supplier_n_4","Purchase (EUR)"
"res_partner_supplier_n_4","Purchase (EUR)"
"res_partner_supplier_n_4","Purchase (EUR)"
"res_partner_supplier_n_4","Purchase (EUR)"
"res_partner_supplier_n_4","Purchase (EUR)"
"res_partner_supplier_n_4","Purchase (EUR)"
"res_partner_supplier_n_4","Purchase (EUR)"
"res_partner_supplier_n_4","Purchase (EUR)"
"res_partner_supplier_n_4","Purchase (EUR)"
"res_partner_supplier_n_4","Purchase (EUR)"
"res_partner_supplier_n_4","Purchase (EUR)"
"res_partner_supplier_n_4","Purchase (EUR)"
"res_partner_supplier_n_4","Purchase (EUR)"
"res_partner_supplier_n_4","Purchase (EUR)"
"res_partner_supplier_n_4","Purchase (EUR)"
"res_partner_supplier_n_4","Purchase (EUR)"
"res_partner_supplier_n_4","Purchase (EUR)"
"res_partner_supplier_n_4","Purchase (EUR)"
"res_partner_supplier_n_4","Purchase (EUR)"
"res_partner_supplier_n_4","Purchase (EUR)"
"res_partner_supplier_n_4","Purchase (EUR)"
"res_partner_supplier_n_4","Purchase (EUR)"
"res_partner_supplier_n_4","Purchase (EUR)"
"res_partner_supplier_n_4","Purchase (EUR)"
"res_partner_supplier_n_4","Purchase (EUR)"
"res_partner_supplier_n_4","Purchase (EUR)"
"res_partner_supplier_n_4","Purchase (EUR)"
"res_partner_supplier_n_4","Purchase (EUR)"
"res_partner_supplier_n_4","Purchase (EUR)"
"res_partner_supplier_n_4","Purchase (EUR)"
"res_partner_supplier_n_4","Purchase (EUR)"
"res_partner_supplier_n_4","Purchase (EUR)"
"res_partner_supplier_n_4","Purchase (EUR)"
"res_partner_supplier_n_4","Purchase (EUR)"
"res_partner_supplier_n_4","Purchase (EUR)"
"res_partner_supplier_n_4","Purchase (EUR)"
"res_partner_supplier_n_4","Purchase (EUR)"
"res_partner_supplier_n_4","Purchase (EUR)"
"res_partner_supplier_n_4","Purchase (EUR)"
"res_partner_supplier_n_4","Purchase (EUR)"
"res_partner_supplier_n_4","Purchase (EUR)"
"res_partner_supplier_n_4","Purchase (EUR)"
"res_partner_supplier_n_4","Purchase (EUR)"
"res_partner_supplier_n_4","Purchase (EUR)"
"res_partner_supplier_n_4","Purchase (EUR)"
"res_partner_supplier_n_4","Purchase (EUR)"
"res_partner_supplier_n_4","Purchase (EUR)"
"res_partner_supplier_n_4","Purchase (EUR)"
"res_partner_supplier_n_4","Purchase (EUR)"
"res_partner_supplier_n_4","Purchase (EUR)"
"res_partner_supplier_n_4","Purchase (EUR)"
"res_partner_supplier_n_4","Purchase (EUR)"
"res_partner_supplier_n_4","Purchase (EUR)"
"res_partner_supplier_n_4","Purchase (EUR)"
"res_partner_supplier_n_4","Purchase (EUR)"
"res_partner_supplier_n_4","Purchase (EUR)"
"res_partner_supplier_n_4","Purchase (EUR)"
"res_partner_supplier_n_4","Purchase (EUR)"
"res_partner_supplier_n_4","Purchase (EUR)"
"res_partner_supplier_n_4","Purchase (EUR)"
"res_partner_supplier_n_4","Purchase (EUR)"
"res_partner_supplier_n_4","Purchase (EUR)"
"res_partner_supplier_n_4","Purchase (EUR)"
"res_partner_supplier_n_4","Purchase (EUR)"
"res_partner_supplier_n_4","Purchase (EUR)"
"res_partner_supplier_n_4","Purchase (EUR)"
"res_partner_supplier_n_4","Purchase (EUR)"
"res_partner_supplier_n_4","Purchase (EUR)"
"res_partner_supplier_n_4","Purchase (EUR)"
"res_partner_supplier_n_4","Purchase (EUR)"
"res_partner_supplier_n_4","Purchase (EUR)"
"res_partner_supplier_n_4","Purchase (EUR)"
"res_partner_supplier_n_4","Purchase (EUR)"
"res_partner_supplier_n_4","Purchase (EUR)"
"res_partner_supplier_n_4","Purchase (EUR)"
"res_partner_supplier_n_4","Purchase (EUR)"
"res_partner_supplier_n_4","Purchase (EUR)"
"res_partner_supplier_n_4","Purchase (EUR)"
"res_partner_supplier_n_4","Purchase (EUR)"
"res_partner_supplier_n_4","Purchase (EUR)"
"res_partner_supplier_n_4","Purchase (EUR)"
"res_partner_supplier_n_4","Purchase (EUR)"
"res_partner_supplier_n_4","Purchase (EUR)"
"res_partner_supplier_n_4","Purchase (EUR)"
"res_partner_supplier_n_4","Purchase (EUR)"
"res_partner_supplier_n_4","Purchase (EUR)"
"res_partner_supplier_n_4","Purchase (EUR)"
"res_partner_supplier_n_4","Purchase (EUR)"
"res_partner_supplier_n_4","Purchase (EUR)"
"res_partner_supplier_n_4","Purchase (EUR)"
"res_partner_supplier_n_4","Purchase (EUR)"
"res_partner_supplier_n_4","Purchase (EUR)"
"res_partner_supplier_n_4","Purchase (EUR)"
"res_partner_supplier_n_4","Purchase (EUR)"
"res_partner_supplier_n_4","Purchase (EUR)"
"res_partner_supplier_n_4","Purchase (EUR)"
"res_partner_supplier_n_4","Purchase (EUR)"
"res_partner_supplier_n_4","Purchase (EUR)"
"res_partner_supplier_n_4","Purchase (EUR)"
"res_partner_supplier_n_4","Purchase (EUR)"
"res_partner_supplier_n_4","Purchase (EUR)"
"res_partner_supplier_n_4","Purchase (EUR)"
"res_partner_supplier_n_4","Purchase (EUR)"
"res_partner_supplier_n_4","Purchase (EUR)"
"res_partner_supplier_n_4","Purchase (EUR)"
"res_partner_supplier_n_4","Purchase (EUR)"
"res_partner_supplier_n_4","Purchase (EUR)"
"res_partner_supplier_n_4","Purchase (EUR)"
"res_partner_supplier_n_4","Purchase (EUR)"
"res_partner_supplier_n_4","Purchase (EUR)"
"res_partner_supplier_n_4","Purchase (EUR)"
"res_partner_supplier_n_4","Purchase (EUR)"
"res_partner_supplier_n_4","Purchase (EUR)"
"res_partner_supplier_n_4","Purchase (EUR)"
"res_partner_supplier_n_4","Purchase (EUR)"
"res_partner_supplier_n_4","Purchase (EUR)"
"res_partner_supplier_n_4","Purchase (EUR)"
"res_partner_supplier_n_4","Purchase (EUR)"
"res_partner_supplier_n_4","Purchase (EUR)"
"res_partner_supplier_n_4","Purchase (EUR)"
"res_partner_supplier_n_4","Purchase (EUR)"
"res_partner_supplier_n_4","Purchase (EUR)"
"res_partner_supplier_n_4","Purchase (EUR)"
"res_partner_supplier_n_4","Purchase (EUR)"
"res_partner_supplier_n_4","Purchase (EUR)"
"res_partner_supplier_n_4","Purchase (EUR)"
"res_partner_supplier_n_4","Purchase (EUR)"
"res_partner_supplier_n_4","Purchase (EUR)"
"res_partner_supplier_n_4","Purchase (EUR)"
"res_partner_supplier_n_4","Purchase (EUR)"
"res_partner_supplier_n_4","Purchase (EUR)"
"res_partner_supplier_n_4","Purchase (EUR)"
"res_partner_supplier_n_4","Purchase (EUR)"
"res_partner_supplier_n_4","Purchase (EUR)"
"res_partner_supplier_n_4","Purchase (EUR)"
"res_partner_supplier_n_4","Purchase (EUR)"
"res_partner_supplier_n_4","Purchase (EUR)"
"res_partner_supplier_n_4","Purchase (EUR)"
"res_partner_supplier_n_4","Purchase (EUR)"
"res_partner_supplier_n_4","Purchase (EUR)"
"res_partner_supplier_n_4","Purchase (EUR)"
"res_partner_supplier_n_4","Purchase (EUR)"
"res_partner_supplier_n_4","Purchase (EUR)"
"res_partner_supplier_n_4","Purchase (EUR)"
"res_partner_supplier_n_4","Purchase (EUR)"
"res_partner_supplier_n_4","Purchase (EUR)"
"res_partner_supplier_n_4","Purchase (EUR)"
"res_partner_supplier_n_4","Purchase (EUR)"
"res_partner_supplier_n_4","Purchase (EUR)"
"res_partner_supplier_n_4","Purchase (EUR)"
"res_partner_supplier_n_4","Purchase (EUR)"
"res_partner_supplier_n_4","Purchase (EUR)"
"res_partner_supplier_n_4","Purchase (EUR)"
"res_partner_supplier_n_4","Purchase (EUR)"
"res_partner_supplier_n_4","Purchase (EUR)"
"res_partner_supplier_n_4","Purchase (EUR)"
"res_partner_supplier_n_4","Purchase (EUR)"
"res_partner_supplier_n_4","Purchase (EUR)"
"res_partner_supplier_n_4","Purchase (EUR)"
"res_partner_supplier_n_4","Purchase (EUR)"
"res_partner_supplier_n_4","Purchase (EUR)"
"res_partner_supplier_n_4","Purchase (EUR)"
"res_partner_supplier_n_4","Purchase (EUR)"
"res_partner_supplier_n_4","Purchase (EUR)"
"res_partner_supplier_n_4","Purchase (EUR)"
"res_partner_supplier_n_4","Purchase (EUR)"
"res_partner_supplier_n_4","Purchase (EUR)"
"res_partner_supplier_n_4","Purchase (EUR)"
"res_partner_supplier_n_4","Purchase (EUR)"
"res_partner_supplier_n_4","Purchase (EUR)"
"res_partner_supplier_n_4","Purchase (EUR)"
"res_partner_supplier_n_4","Purchase (EUR)"
"res_partner_supplier_n_4","Purchase (EUR)"
"res_partner_supplier_n_4","Purchase (EUR)"
"res_partner_supplier_n_4","Purchase (EUR)"
"res_partner_supplier_n_4","Purchase (EUR)"
"res_partner_supplier_n_4","Purchase (EUR)"
"res_partner_supplier_n_4","Purchase (EUR)"
"res_partner_supplier_n_4","Purchase (EUR)"
"res_partner_supplier_n_4","Purchase (EUR)"
"res_partner_supplier_n_4","Purchase (EUR)"
"res_partner_supplier_n_4","Purchase (EUR)"
"res_partner_supplier_n_4","Purchase (EUR)"
"res_partner_supplier_n_4","Purchase (EUR)"
"res_partner_supplier_n_4","Purchase (EUR)"
"res_partner_supplier_n_4","Purchase (EUR)"
"res_partner_supplier_n_4","Purchase (EUR)"
"res_partner_supplier_n_4","Purchase (EUR)"
"res_partner_supplier_n_4","Purchase (EUR)"
"res_partner_supplier_n_4","Purchase (EUR)"
"res_partner_supplier_n_4","Purchase (EUR)"
"res_partner_supplier_n_4","Purchase (EUR)"
"res_partner_supplier_n_4","Purchase (EUR)"
"res_partner_supplier_n_4","Purchase (EUR)"
"res_partner_supplier_n_4","Purchase (EUR)"
"res_partner_supplier_n_4","Purchase (EUR)"
"res_partner_supplier_n_4","Purchase (EUR)"
"res_partner_supplier_n_4","Purchase (EUR)"
"res_partner_supplier_n_4","Purchase (EUR)"
"res_partner_supplier_n_4","Purchase (EUR)"
"res_partner_supplier_n_4","Purchase (EUR)"
"res_partner_supplier_n_4","Purchase (EUR)"
"res_partner_supplier_n_4","Purchase (EUR)"
"res_partner_supplier_n_4","Purchase (EUR)"
"res_partner_supplier_n_4","Purchase (EUR)"
"res_partner_supplier_n_4","Purchase (EUR)"
"res_partner_supplier_n_4","Purchase (EUR)"
"res_partner_supplier_n_4","Purchase (EUR)"
"res_partner_supplier_n_4","Purchase (EUR)"
"res_partner_supplier_n_4","Purchase (EUR)"
"res_partner_supplier_n_4","Purchase (EUR)"
"res_partner_supplier_n_4","Purchase (EUR)"
"res_partner_supplier_n_4","Purchase (EUR)"
"res_partner_supplier_n_4","Purchase (EUR)"
"res_partner_supplier_n_4","Purchase (EUR)"
"res_partner_supplier_n_4","Purchase (EUR)"
"res_partner_supplier_n_4","Purchase (EUR)"
"res_partner_supplier_n_4","Purchase (EUR)"
"res_partner_supplier_n_4","Purchase (EUR)"
"res_partner_supplier_n_4","Purchase (EUR)"
"res_partner_supplier_n_4","Purchase (EUR)"
"res_partner_supplier_n_4","Purchase (EUR)"
"res_partner_supplier_n_4","Purchase (EUR)"
"res_partner_supplier_n_4","Purchase (EUR)"
"res_partner_supplier_n_4","Purchase (EUR)"
"res_partner_supplier_n_4","Purchase (EUR)"
"res_partner_supplier_n_4","Purchase (EUR)"
"res_partner_supplier_n_4","Purchase (EUR)"
"res_partner_supplier_n_4","Purchase (EUR)"
"res_partner_supplier_n_4","Purchase (EUR)"
"res_partner_supplier_n_4","Purchase (EUR)"
"res_partner_supplier_n_4","Purchase (EUR)"
"res_partner_supplier_n_4","Purchase (EUR)"
"res_partner_supplier_n_4","Purchase (EUR)"
"res_partner_supplier_n_4","Purchase (EUR)"
"res_partner_supplier_n_4","Purchase (EUR)"
"res_partner_supplier_n_4","Purchase (EUR)"
"res_partner_supplier_n_4","Purchase (EUR)"
"res_partner_supplier_n_4","Purchase (EUR)"
"res_partner_supplier_n_4","Purchase (EUR)"
"res_partner_supplier_n_4","Purchase (EUR)"
"res_partner_supplier_n_4","Purchase (EUR)"
"res_partner_supplier_n_4","Purchase (EUR)"
"res_partner_supplier_n_4","Purchase (EUR)"
"res_partner_supplier_n_4","Purchase (EUR)"
"res_partner_supplier_n_4","Purchase (EUR)"
"res_partner_supplier_n_4","Purchase (EUR)"
"res_partner_supplier_n_4","Purchase (EUR)"
"res_partner_supplier_n_4","Purchase (EUR)"
"res_partner_supplier_n_4","Purchase (EUR)"
"res_partner_supplier_n_4","Purchase (EUR)"
"res_partner_supplier_n_4","Purchase (EUR)"
"res_partner_supplier_n_4","Purchase (EUR)"
"res_partner_supplier_n_4","Purchase (EUR)"
"res_partner_supplier_n_4","Purchase (EUR)"
"res_partner_supplier_n_4","Purchase (EUR)"
"res_partner_supplier_n_4","Purchase (EUR)"
"res_partner_supplier_n_4","Purchase (EUR)"
"res_partner_supplier_n_4","Purchase (EUR)"
"res_partner_supplier_n_4","Purchase (EUR)"
"res_partner_supplier_n_4","Purchase (EUR)"
"res_partner_supplier_n_4","Purchase (EUR)"
"res_partner_supplier_n_4","Purchase (EUR)"
"res_partner_supplier_n_4","Purchase (EUR)"
"res_partner_supplier_n_4","Purchase (EUR)"
"res_partner_supplier_n_4","Purchase (EUR)"
"res_partner_supplier_n_4","Purchase (EUR)"
"res_partner_supplier_n_4","Purchase (EUR)"
"res_partner_supplier_n_4","Purchase (EUR)"
"res_partner_supplier_n_4","Purchase (EUR)"
"res_partner_supplier_n_4","Purchase (EUR)"
"res_partner_supplier_n_4","Purchase (EUR)"
"res_partner_supplier_n_4","Purchase (EUR)"
"res_partner_supplier_n_4","Purchase (EUR)"
"res_partner_supplier_n_4","Purchase (EUR)"
"res_partner_supplier_n_4","Purchase (EUR)"
"res_partner_supplier_n_4","Purchase (EUR)"
"res_partner_supplier_n_4","Purchase (EUR)"
"res_partner_supplier_n_4","Purchase (EUR)"
"res_partner_supplier_n_4","Purchase (EUR)"
"res_partner_supplier_n_4","Purchase (EUR)"
"res_partner_supplier_n_4","Purchase (EUR)"
"res_partner_supplier_n_4","Purchase (EUR)"
"res_partner_supplier_n_4","Purchase (EUR)"
"res_partner_supplier_n_4","Purchase (EUR)"
"res_partner_supplier_n_4","Purchase (EUR)"
"res_partner_supplier_n_4","Purchase (EUR)"
"res_partner_supplier_n_4","Purchase (EUR)"
"res_partner_supplier_n_4","Purchase (EUR)"
"res_partner_supplier_n_4","Purchase (EUR)"
"res_partner_supplier_n_4","Purchase (EUR)"
"res_partner_supplier_n_4","Purchase (EUR)"
"res_partner_supplier_n_4","Purchase (EUR)"
"res_partner_supplier_n_4","Purchase (EUR)"
"res_partner_supplier_n_4","Purchase (EUR)"
"res_partner_supplier_n_4","Purchase (EUR)"
"res_partner_supplier_n_4","Purchase (EUR)"
"res_partner_supplier_n_4","Purchase (EUR)"
"res_partner_supplier_n_4","Purchase (EUR)"
"res_partner_supplier_n_4","Purchase (EUR)"
"res_partner_supplier_n_4","Purchase (EUR)"
"res_partner_supplier_n_4","Purchase (EUR)"
"res_partner_supplier_n_4","Purchase (EUR)"
"res_partner_supplier_n_4","Purchase (EUR)"
"res_partner_supplier_n_4","Purchase (EUR)"
"res_partner_supplier_n_4","Purchase (EUR)"
"res_partner_supplier_n_4","Purchase (EUR)"
"res_partner_supplier_n_4","Purchase (EUR)"
"res_partner_supplier_n_4","Purchase (EUR)"
"res_partner_supplier_n_4","Purchase (EUR)"
"res_partner_supplier_n_4","Purchase (EUR)"
"res_partner_supplier_n_4","Purchase (EUR)"
"res_partner_supplier_n_4","Purchase (EUR)"
"res_partner_supplier_n_4","Purchase (EUR)"
"res_partner_supplier_n_4","Purchase (EUR)"
"res_partner_supplier_n_4","Purchase (EUR)"
"res_partner_supplier_n_4","Purchase (EUR)"
"res_partner_supplier_n_4","Purchase (EUR)"
"res_partner_supplier_n_4","Purchase (EUR)"
"res_partner_supplier_n_4","Purchase (EUR)"
"res_partner_supplier_n_4","Purchase (EUR)"
"res_partner_supplier_n_4","Purchase (EUR)"
"res_partner_supplier_n_4","Purchase (EUR)"
"res_partner_supplier_n_4","Purchase (EUR)"
"res_partner_supplier_n_4","Purchase (EUR)"
"res_partner_supplier_n_4","Purchase (EUR)"
"res_partner_supplier_n_4","Purchase (EUR)"
"res_partner_supplier_n_4","Purchase (EUR)"
"res_partner_supplier_n_4","Purchase (EUR)"
"res_partner_supplier_n_4","Purchase (EUR)"
"res_partner_supplier_n_4","Purchase (EUR)"
"res_partner_supplier_n_4","Purchase (EUR)"
"res_partner_supplier_n_4","Purchase (EUR)"
"res_partner_supplier_n_4","Purchase (EUR)"
"res_partner_supplier_n_4","Purchase (EUR)"
"res_partner_supplier_n_4","Purchase (EUR)"
"res_partner_supplier_n_4","Purchase (EUR)"
"res_partner_supplier_n_4","Purchase (EUR)"
"res_partner_supplier_n_4","Purchase (EUR)"
"res_partner_supplier_n_4","Purchase (EUR)"
"res_partner_supplier_n_4","Purchase (EUR)"
"res_partner_supplier_n_4","Purchase (EUR)"
"res_partner_supplier_n_4","Purchase (EUR)"
"res_partner_supplier_n_4","Purchase (EUR)"
"res_partner_supplier_n_4","Purchase (EUR)"
"res_partner_supplier_n_4","Purchase (EUR)"
"res_partner_supplier_n_4","Purchase (EUR)"
"res_partner_supplier_n_4","Purchase (EUR)"
"res_partner_supplier_n_4","Purchase (EUR)"
"res_partner_supplier_n_4","Purchase (EUR)"
"res_partner_supplier_n_4","Purchase (EUR)"
"res_partner_supplier_n_4","Purchase (EUR)"
"res_partner_supplier_n_4","Purchase (EUR)"
"res_partner_supplier_n_4","Purchase (EUR)"
"res_partner_supplier_n_4","Purchase (EUR)"
"res_partner_supplier_n_4","Purchase (EUR)"
"res_partner_supplier_n_4","Purchase (EUR)"
"res_partner_supplier_n_4","Purchase (EUR)"
"res_partner_supplier_n_4","Purchase (EUR)"
"res_partner_supplier_n_4","Purchase (EUR)"
"res_partner_supplier_n_4","Purchase (EUR)"
"res_partner_supplier_n_4","Purchase (EUR)"
"res_partner_supplier_n_4","Purchase (EUR)"
"res_partner_supplier_n_4","Purchase (EUR)"
"res_partner_supplier_n_4","Purchase (EUR)"
"res_partner_supplier_n_4","Purchase (EUR)"
"res_partner_supplier_n_4","Purchase (EUR)"
"res_partner_supplier_n_4","Purchase (EUR)"
"res_partner_supplier_n_4","Purchase (EUR)"
"res_partner_supplier_n_4","Purchase (EUR)"
"res_partner_supplier_n_4","Purchase (EUR)"
"res_partner_supplier_n_4","Purchase (EUR)"
"res_partner_supplier_n_4","Purchase (EUR)"
"res_partner_supplier_n_4","Purchase (EUR)"
"res_partner_supplier_n_4","Purchase (EUR)"
"res_partner_supplier_n_4","Purchase (EUR)"
"res_partner_supplier_n_4","Purchase (EUR)"
"res_partner_supplier_n_4","Purchase (EUR)"
"res_partner_supplier_n_4","Purchase (EUR)"
"res_partner_supplier_n_4","Purchase (EUR)"
"res_partner_supplier_n_4","Purchase (EUR)"
"res_partner_supplier_n_4","Purchase (EUR)"
"res_partner_supplier_n_4","Purchase (EUR)"
"res_partner_supplier_n_4","Purchase (EUR)"
"res_partner_supplier_n_4","Purchase (EUR)"
"res_partner_supplier_n_4","Purchase (EUR)"
"res_partner_supplier_n_4","Purchase (EUR)"
"res_partner_supplier_n_4","Purchase (EUR)"
"res_partner_supplier_n_4","Purchase (EUR)"
"res_partner_supplier_n_4","Purchase (EUR)"
"res_partner_supplier_n_4","Purchase (EUR)"
"res_partner_supplier_n_4","Purchase (EUR)"
"res_partner_supplier_n_4","Purchase (EUR)"
"res_partner_supplier_n_4","Purchase (EUR)"
"res_partner_supplier_n_4","Purchase (EUR)"
"res_partner_supplier_n_4","Purchase (EUR)"
"res_partner_supplier_n_4","Purchase (EUR)"
"res_partner_supplier_n_4","Purchase (EUR)"
"res_partner_supplier_n_4","Purchase (EUR)"
"res_partner_supplier_n_4","Purchase (EUR)"
"res_partner_supplier_n_4","Purchase (EUR)"
"res_partner_supplier_n_4","Purchase (EUR)"
"res_partner_supplier_n_4","Purchase (EUR)"
"res_partner_supplier_n_4","Purchase (EUR)"
"res_partner_supplier_n_4","Purchase (EUR)"
"res_partner_supplier_n_4","Purchase (EUR)"
"res_partner_supplier_n_4","Purchase (EUR)"
"res_partner_supplier_n_4","Purchase (EUR)"
"res_partner_supplier_n_4","Purchase (EUR)"
"res_partner_supplier_n_4","Purchase (EUR)"
"res_partner_supplier_n_4","Purchase (EUR)"
"res_partner_supplier_n_4","Purchase (EUR)"
"res_partner_supplier_n_4","Purchase (EUR)"
"res_partner_supplier_n_4","Purchase (EUR)"
"res_partner_supplier_n_4","Purchase (EUR)"
"res_partner_supplier_n_4","Purchase (EUR)"
"res_partner_supplier_n_4","Purchase (EUR)"
"res_partner_supplier_n_4","Purchase (EUR)"
"res_partner_supplier_n_4","Purchase (EUR)"
"res_partner_supplier_n_4","Purchase (EUR)"
"res_partner_supplier_n_4","Purchase (EUR)"
"res_partner_supplier_n_4","Purchase (EUR)"
"res_partner_supplier_n_4","Purchase (EUR)"
"res_partner_supplier_n_4","Purchase (EUR)"
"res_partner_supplier_n_4","Purchase (EUR)"
"res_partner_supplier_n_4","Purchase (EUR)"
"res_partner_supplier_n_4","Purchase (EUR)"
"res_partner_supplier_n_4","Purchase (EUR)"
"res_partner_supplier_n_4","Purchase (EUR)"
"res_partner_supplier_n_4","Purchase (EUR)"
"res_partner_supplier_n_4","Purchase (EUR)"
"res_partner_supplier_n_4","Purchase (EUR)"
"res_partner_supplier_n_4","Purchase (EUR)"
"res_partner_supplier_n_4","Purchase (EUR)"
"res_partner_supplier_n_4","Purchase (EUR)"
"res_partner_supplier_n_4","Purchase (EUR)"
"res_partner_supplier_n_4","Purchase (EUR)"
"res_partner_supplier_n_4","Purchase (EUR)"
"res_partner_supplier_n_4","Purchase (EUR)"
"res_partner_supplier_n_4","Purchase (EUR)"
"res_partner_supplier_n_4","Purchase (EUR)"
"res_partner_supplier_n_4","Purchase (EUR)"
"res_partner_supplier_n_4","Purchase (EUR)"
"res_partner_supplier_n_4","Purchase (EUR)"
"res_partner_supplier_n_4","Purchase (EUR)"
"res_partner_supplier_n_4","Purchase (EUR)"
"res_partner_supplier_n_4","Purchase (EUR)"
"res_partner_supplier_n_4","Purchase (EUR)"
"res_partner_supplier_n_4","Purchase (EUR)"
"res_partner_supplier_n_4","Purchase (EUR)"
"res_partner_supplier_n_4","Purchase (EUR)"
"res_partner_supplier_n_4","Purchase (EUR)"
"res_partner_supplier_n_4","Purchase (EUR)"
"res_partner_supplier_n_4","Purchase (EUR)"
"res_partner_supplier_n_4","Purchase (EUR)"
"res_partner_supplier_n_4","Purchase (EUR)"
"res_partner_supplier_n_4","Purchase (EUR)"
"res_partner_supplier_n_4","Purchase (EUR)"
"res_partner_supplier_n_4","Purchase (EUR)"
"res_partner_supplier_n_4","Purchase (EUR)"
"res_partner_supplier_n_4","Purchase (EUR)"
"res_partner_supplier_n_4","Purchase (EUR)"
"res_partner_supplier_n_4","Purchase (EUR)"
"res_partner_supplier_n_4","Purchase (EUR)"
"res_partner_supplier_n_4","Purchase (EUR)"
"res_partner_supplier_n_4","Purchase (EUR)"
"res_partner_supplier_n_4","Purchase (EUR)"
"res_partner_supplier_n_4","Purchase (EUR)"
"res_partner_supplier_n_4","Purchase (EUR)"
"res_partner_supplier_n_4","Purchase (EUR)"
"res_partner_supplier_n_4","Purchase (EUR)"
"res_partner_supplier_n_4","Purchase (EUR)"
"res_partner_supplier_n_4","Purchase (EUR)"
"res_partner_supplier_n_4","Purchase (EUR)"
"res_partner_supplier_n_4","Purchase (EUR)"
"res_partner_supplier_n_4","Purchase (EUR)"
"res_partner_supplier_n_4","Purchase (EUR)"
"res_partner_supplier_n_4","Purchase (EUR)"
"res_partner_supplier_n_4","Purchase (EUR)"
"res_partner_supplier_n_4","Purchase (EUR)"
"res_partner_supplier_n_4","Purchase (EUR)"
"res_partner_supplier_n_4","Purchase (EUR)"
"res_partner_supplier_n_4","Purchase (EUR)"
"res_partner_supplier_n_4","Purchase (EUR)"
"res_partner_supplier_n_4","Purchase (EUR)"
"res_partner_supplier_n_4","Purchase (EUR)"
"res_partner_supplier_n_4","Purchase (EUR)"
"res_partner_supplier_n_4","Purchase (EUR)"
"res_partner_supplier_n_4","Purchase (EUR)"
"res_partner_supplier_n_4","Purchase (EUR)"
"res_partner_supplier_n_4","Purchase (EUR)"
"res_partner_supplier_n_4","Purchase (EUR)"
"res_partner_supplier_n_4","Purchase (EUR)"
"res_partner_supplier_n_4","Purchase (EUR)"
"res_partner_supplier_n_4","Purchase (EUR)"
"res_partner_supplier_n_4","Purchase (EUR)"
"res_partner_supplier_n_4","Purchase (EUR)"
"res_partner_supplier_n_4","Purchase (EUR)"
"res_partner_supplier_n_4","Purchase (EUR)"
"res_partner_supplier_n_4","Purchase (EUR)"
"res_partner_supplier_n_4","Purchase (EUR)"
"res_partner_supplier_n_4","Purchase (EUR)"
"res_partner_supplier_n_4","Purchase (EUR)"
"res_partner_supplier_n_4","Purchase (EUR)"
"res_partner_supplier_n_4","Purchase (EUR)"
"res_partner_supplier_n_4","Purchase (EUR)"
"res_partner_supplier_n_4","Purchase (EUR)"
"res_partner_supplier_n_4","Purchase (EUR)"
"res_partner_supplier_n_4","Purchase (EUR)"
"res_partner_supplier_n_4","Purchase (EUR)"
"res_partner_supplier_n_4","Purchase (EUR)"
"res_partner_supplier_n_4","Purchase (EUR)"
"res_partner_supplier_n_4","Purchase (EUR)"
"res_partner_supplier_n_4","Purchase (EUR)"
"res_partner_supplier_n_4","Purchase (EUR)"
"res_partner_supplier_n_4","Purchase (EUR)"
"res_partner_supplier_n_4","Purchase (EUR)"
"res_partner_supplier_n_4","Purchase (EUR)"
"res_partner_supplier_n_4","Purchase (EUR)"
"res_partner_supplier_n_4","Purchase (EUR)"
"res_partner_supplier_n_4","Purchase (EUR)"
"res_partner_supplier_n_4","Purchase (EUR)"
"res_partner_supplier_n_4","Purchase (EUR)"
"res_partner_supplier_n_4","Purchase (EUR)"
"res_partner_supplier_n_4","Purchase (EUR)"
"res_partner_supplier_n_4","Purchase (EUR)"
"res_partner_supplier_n_4","Purchase (EUR)"
"res_partner_supplier_n_4","Purchase (EUR)"
"res_partner_supplier_n_4","Purchase (EUR)"
"res_partner_supplier_n_4","Purchase (EUR)"
"res_partner_supplier_n_4","Purchase (EUR)"
"res_partner_supplier_n_4","Purchase (EUR)"
"res_partner_supplier_n_4","Purchase (EUR)"
"res_partner_supplier_n_4","Purchase (EUR)"
"res_partner_supplier_n_4","Purchase (EUR)"
"res_partner_supplier_n_4","Purchase (EUR)"
"res_partner_supplier_n_4","Purchase (EUR)"
"res_partner_supplier_n_4","Purchase (EUR)"
"res_partner_supplier_n_4","Purchase (EUR)"
"res_partner_supplier_n_4","Purchase (EUR)"
"res_partner_supplier_n_4","Purchase (EUR)"
"res_partner_supplier_n_4","Purchase (EUR)"
"res_partner_supplier_n_4","Purchase (EUR)"
"res_partner_supplier_n_4","Purchase (EUR)"
"res_partner_supplier_n_4","Purchase (EUR)"
"res_partner_supplier_n_4","Purchase (EUR)"
"res_partner_supplier_n_4","Purchase (EUR)"
"res_partner_supplier_n_4","Purchase (EUR)"
"res_partner_supplier_n_4","Purchase (EUR)"
"res_partner_supplier_n_4","Purchase (EUR)"
"res_partner_supplier_n_4","Purchase (EUR)"
"res_partner_supplier_n_4","Purchase (EUR)"
"res_partner_supplier_n_4","Purchase (EUR)"
"res_partner_supplier_n_4","Purchase (EUR)"
"res_partner_supplier_n_4","Purchase (EUR)"
"res_partner_supplier_n_4","Purchase (EUR)"
"res_partner_supplier_n_4","Purchase (EUR)"
"res_partner_supplier_n_4","Purchase (EUR)"
"res_partner_supplier_n_4","Purchase (EUR)"
"res_partner_supplier_n_4","Purchase (EUR)"
"res_partner_supplier_n_4","Purchase (EUR)"
"res_partner_supplier_n_4","Purchase (EUR)"
"res_partner_supplier_n_4","Purchase (EUR)"
"res_partner_supplier_n_4","Purchase (EUR)"
"res_partner_supplier_n_4","Purchase (EUR)"
"res_partner_supplier_n_4","Purchase (EUR)"
"res_partner_supplier_n_4","Purchase (EUR)"
"res_partner_supplier_n_4","Purchase (EUR)"
"res_partner_supplier_n_4","Purchase (EUR)"
"res_partner_supplier_n_4","Purchase (EUR)"
"res_partner_supplier_n_4","Purchase (EUR)"
"res_partner_supplier_n_4","Purchase (EUR)"
"res_partner_supplier_n_4","Purchase (EUR)"
"res_partner_supplier_n_4","Purchase (EUR)"
"res_partner_supplier_n_4","Purchase (EUR)"
"res_partner_supplier_n_4","Purchase (EUR)"
"res_partner_supplier_n_4","Purchase (EUR)"
"res_partner_supplier_n_4","Purchase (EUR)"
"res_partner_supplier_n_4","Purchase (EUR)"
"res_partner_supplier_n_4","Purchase (EUR)"
"res_partner_supplier_n_4","Purchase (EUR)"
"res_partner_supplier_n_4","Purchase (EUR)"
"res_partner_supplier_n_4","Purchase (EUR)"
"res_partner_supplier_n_4","Purchase (EUR)"
"res_partner_supplier_n_4","Purchase (EUR)"
"res_partner_supplier_n_4","Purchase (EUR)"
"res_partner_supplier_n_4","Purchase (EUR)"
"res_partner_supplier_n_4","Purchase (EUR)"
"res_partner_supplier_n_4","Purchase (EUR)"
"res_partner_supplier_n_4","Purchase (EUR)"
"res_partner_supplier_n_4","Purchase (EUR)"
"res_partner_supplier_n_4","Purchase (EUR)"
"res_partner_supplier_n_4","Purchase (EUR)"
"res_partner_supplier_n_4","Purchase (EUR)"
"res_partner_supplier_n_4","Purchase (EUR)"
"res_partner_supplier_n_4","Purchase (EUR)"
"res_partner_supplier_n_4","Purchase (EUR)"
"res_partner_supplier_n_4","Purchase (EUR)"
"res_partner_supplier_n_4","Purchase (EUR)"
"res_partner_supplier_n_4","Purchase (EUR)"
"res_partner_supplier_n_4","Purchase (EUR)"
"res_partner_supplier_n_4","Purchase (EUR)"
"res_partner_supplier_n_4","Purchase (EUR)"
"res_partner_supplier_n_4","Purchase (EUR)"
"res_partner_supplier_n_4","Purchase (EUR)"
"res_partner_supplier_n_4","Purchase (EUR)"
"res_partner_supplier_n_4","Purchase (EUR)"
"res_partner_supplier_n_4","Purchase (EUR)"
"res_partner_supplier_n_4","Purchase (EUR)"
"res_partner_supplier_n_4","Purchase (EUR)"
"res_partner_supplier_n_4","Purchase (EUR)"
"res_partner_supplier_n_4","Purchase (EUR)"
"res_partner_supplier_n_4","Purchase (EUR)"
"res_partner_supplier_n_4","Purchase (EUR)"
"res_partner_supplier_n_4","Purchase (EUR)"
"res_partner_supplier_n_4","Purchase (EUR)"
"res_partner_supplier_n_4","Purchase (EUR)"
"res_partner_supplier_n_4","Purchase (EUR)"
"res_partner_supplier_n_4","Purchase (EUR)"
"res_partner_supplier_n_4","Purchase (EUR)"
"res_partner_supplier_n_4","Purchase (EUR)"
"res_partner_supplier_n_4","Purchase (EUR)"
"res_partner_supplier_n_4","Purchase (EUR)"
"res_partner_supplier_n_4","Purchase (EUR)"
"res_partner_supplier_n_4","Purchase (EUR)"
"res_partner_supplier_n_4","Purchase (EUR)"
"res_partner_supplier_n_4","Purchase (EUR)"
"res_partner_supplier_n_4","Purchase (EUR)"
"res_partner_supplier_n_4","Purchase (EUR)"
"res_partner_supplier_n_4","Purchase (EUR)"
"res_partner_supplier_n_4","Purchase (EUR)"
"res_partner_supplier_n_4","Purchase (EUR)"
"res_partner_supplier_n_4","Purchase (EUR)"
"res_partner_supplier_n_4","Purchase (EUR)"
"res_partner_supplier_n_4","Purchase (EUR)"
"res_partner_supplier_n_4","Purchase (EUR)"
"res_partner_supplier_n_4","Purchase (EUR)"
"res_partner_supplier_n_4","Purchase (EUR)"
"res_partner_supplier_n_4","Purchase (EUR)"
"res_partner_supplier_n_4","Purchase (EUR)"
"res_partner_supplier_n_4","Purchase (EUR)"
"res_partner_supplier_n_4","Purchase (EUR)"
"res_partner_supplier_n_4","Purchase (EUR)"
"res_partner_supplier_n_4","Purchase (EUR)"
"res_partner_supplier_n_4","Purchase (EUR)"
"res_partner_supplier_n_4","Purchase (EUR)"
"res_partner_supplier_n_4","Purchase (EUR)"
"res_partner_supplier_n_4","Purchase (EUR)"
"res_partner_supplier_n_4","Purchase (EUR)"
"res_partner_supplier_n_4","Purchase (EUR)"
"res_partner_supplier_n_4","Purchase (EUR)"
"res_partner_supplier_n_4","Purchase (EUR)"
"res_partner_supplier_n_4","Purchase (EUR)"
"res_partner_supplier_n_4","Purchase (EUR)"
"res_partner_supplier_n_4","Purchase (EUR)"
"res_partner_supplier_n_4","Purchase (EUR)"
"res_partner_supplier_n_4","Purchase (EUR)"
"res_partner_supplier_n_4","Purchase (EUR)"
"res_partner_supplier_n_4","Purchase (EUR)"
"res_partner_supplier_n_4","Purchase (EUR)"
"res_partner_supplier_n_4","Purchase (EUR)"
"res_partner_supplier_n_4","Purchase (EUR)"
"res_partner_supplier_n_4","Purchase (EUR)"
"res_partner_supplier_n_4","Purchase (EUR)"
"res_partner_supplier_n_4","Purchase (EUR)"
"res_partner_supplier_n_4","Purchase (EUR)"
"res_partner_supplier_n_4","Purchase (EUR)"
"res_partner_supplier_n_4","Purchase (EUR)"
"res_partner_supplier_n_4","Purchase (EUR)"
"res_partner_supplier_n_4","Purchase (EUR)"
"res_partner_supplier_n_4","Purchase (EUR)"
"res_partner_supplier_n_4","Purchase (EUR)"
"res_partner_supplier_n_4","Purchase (EUR)"
"res_partner_supplier_n_4","Purchase (EUR)"
"res_partner_supplier_n_4","Purchase (EUR)"
"res_partner_supplier_n_4","Purchase (EUR)"
"res_partner_supplier_n_4","Purchase (EUR)"
"res_partner_supplier_n_4","Purchase (EUR)"
"res_partner_supplier_n_4","Purchase (EUR)"
"res_partner_supplier_n_4","Purchase (EUR)"
"res_partner_supplier_n_4","Purchase (EUR)"
"res_partner_supplier_n_4","Purchase (EUR)"
"res_partner_supplier_n_4","Purchase (EUR)"
"res_partner_supplier_n_4","Purchase (EUR)"
"res_partner_supplier_n_4","Purchase (EUR)"
"res_partner_supplier_n_4","Purchase (EUR)"
"res_partner_supplier_n_4","Purchase (EUR)"
"res_partner_supplier_n_4","Purchase (EUR)"
"res_partner_supplier_n_4","Purchase (EUR)"
"res_partner_supplier_n_4","Purchase (EUR)"
"res_partner_supplier_n_4","Purchase (EUR)"
"res_partner_supplier_n_4","Purchase (EUR)"
"res_partner_supplier_n_4","Purchase (EUR)"
"res_partner_supplier_n_4","Purchase (EUR)"
"res_partner_supplier_n_4","Purchase (EUR)"
"res_partner_supplier_n_4","Purchase (EUR)"
"res_partner_supplier_n_4","Purchase (EUR)"
"res_partner_supplier_n_4","Purchase (EUR)"
"res_partner_supplier_n_4","Purchase (EUR)"
"res_partner_supplier_n_4","Purchase (EUR)"
"res_partner_supplier_n_4","Purchase (EUR)"
"res_partner_supplier_n_4","Purchase (EUR)"
"res_partner_supplier_n_4","Purchase (EUR)"
"res_partner_supplier_n_4","Purchase (EUR)"
"res_partner_supplier_n_4","Purchase (EUR)"
"res_partner_supplier_n_4","Purchase (EUR)"
"res_partner_supplier_n_4","Purchase (EUR)"
"res_partner_supplier_n_4","Purchase (EUR)"
"res_partner_supplier_n_4","Purchase (EUR)"
"res_partner_supplier_n_4","Purchase (EUR)"
"res_partner_supplier_n_4","Purchase (EUR)"
"res_partner_supplier_n_4","Purchase (EUR)"
"res_partner_supplier_n_4","Purchase (EUR)"
"res_partner_supplier_n_4","Purchase (EUR)"
"res_partner_supplier_n_4","Purchase (EUR)"
"res_partner_supplier_n_4","Purchase (EUR)"
"res_partner_supplier_n_4","Purchase (EUR)"
"res_partner_supplier_n_4","Purchase (EUR)"
"res_partner_supplier_n_4","Purchase (EUR)"
"res_partner_supplier_n_4","Purchase (EUR)"
"res_partner_supplier_n_4","Purchase (EUR)"
"res_partner_supplier_n_4","Purchase (EUR)"
"res_partner_supplier_n_4","Purchase (EUR)"
"res_partner_supplier_n_4","Purchase (EUR)"
"res_partner_supplier_n_4","Purchase (EUR)"
"res_partner_supplier_n_4","Purchase (EUR)"
"res_partner_supplier_n_4","Purchase (EUR)"
"res_partner_supplier_n_4","Purchase (EUR)"
"res_partner_supplier_n_4","Purchase (EUR)"
"res_partner_supplier_n_4","Purchase (EUR)"
"res_partner_supplier_n_4","Purchase (EUR)"
"res_partner_supplier_n_4","Purchase (EUR)"
"res_partner_supplier_n_4","Purchase (EUR)"
"res_partner_supplier_n_4","Purchase (EUR)"
"res_partner_supplier_n_4","Purchase (EUR)"
"res_partner_supplier_n_4","Purchase (EUR)"
"res_partner_supplier_n_4","Purchase (EUR)"
"res_partner_supplier_n_4","Purchase (EUR)"
"res_partner_supplier_n_4","Purchase (EUR)"
"res_partner_supplier_n_4","Purchase (EUR)"
"res_partner_supplier_n_4","Purchase (EUR)"
"res_partner_supplier_n_4","Purchase (EUR)"
"res_partner_supplier_n_4","Purchase (EUR)"
"res_partner_supplier_n_4","Purchase (EUR)"
"res_partner_supplier_n_4","Purchase (EUR)"
"res_partner_supplier_n_4","Purchase (EUR)"
"res_partner_supplier_n_4","Purchase (EUR)"
"res_partner_supplier_n_4","Purchase (EUR)"
"res_partner_supplier_n_4","Purchase (EUR)"
"res_partner_supplier_n_4","Purchase (EUR)"
"res_partner_supplier_n_4","Purchase (EUR)"
"res_partner_supplier_n_4","Purchase (EUR)"
"res_partner_supplier_n_4","Purchase (EUR)"
"res_partner_supplier_n_4","Purchase (EUR)"
"res_partner_supplier_n_4","Purchase (EUR)"
"res_partner_supplier_n_4","Purchase (EUR)"
"res_partner_supplier_n_4","Purchase (EUR)"
"res_partner_supplier_n_4","Purchase (EUR)"
"res_partner_supplier_n_4","Purchase (EUR)"
"res_partner_supplier_n_4","Purchase (EUR)"
"res_partner_supplier_n_4","Purchase (EUR)"
"res_partner_supplier_n_4","Purchase (EUR)"
"res_partner_supplier_n_4","Purchase (EUR)"
"res_partner_supplier_n_4","Purchase (EUR)"
"res_partner_supplier_n_4","Purchase (EUR)"
"res_partner_supplier_n_4","Purchase (EUR)"
"res_partner_supplier_n_4","Purchase (EUR)"
"res_partner_supplier_n_4","Purchase (EUR)"
"res_partner_supplier_n_4","Purchase (EUR)"
"res_partner_supplier_n_4","Purchase (EUR)"
"res_partner_supplier_n_4","Purchase (EUR)"
"res_partner_supplier_n_4","Purchase (EUR)"
"res_partner_supplier_n_4","Purchase (EUR)"
"res_partner_supplier_n_4","Purchase (EUR)"
"res_partner_supplier_n_4","Purchase (EUR)"
"res_partner_supplier_n_4","Purchase (EUR)"
"res_partner_supplier_n_4","Purchase (EUR)"
"res_partner_supplier_n_4","Purchase (EUR)"
"res_partner_supplier_n_4","Purchase (EUR)"
"res_partner_supplier_n_4","Purchase (EUR)"
"res_partner_supplier_n_4","Purchase (EUR)"
"res_partner_supplier_n_4","Purchase (EUR)"
"res_partner_supplier_n_4","Purchase (EUR)"
"res_partner_supplier_n_4","Purchase (EUR)"
"res_partner_supplier_n_4","Purchase (EUR)"
"res_partner_supplier_n_4","Purchase (EUR)"
"res_partner_supplier_n_4","Purchase (EUR)"
"res_partner_supplier_n_4","Purchase (EUR)"
"res_partner_supplier_n_4","Purchase (EUR)"
"res_partner_supplier_n_4","Purchase (EUR)"
"res_partner_supplier_n_4","Purchase (EUR)"
"res_partner_supplier_n_4","Purchase (EUR)"
"res_partner_supplier_n_4","Purchase (EUR)"
"res_partner_supplier_n_4","Purchase (EUR)"
"res_partner_supplier_n_4","Purchase (EUR)"
"res_partner_supplier_n_4","Purchase (EUR)"
"res_partner_supplier_n_4","Purchase (EUR)"
"res_partner_supplier_n_4","Purchase (EUR)"
"res_partner_supplier_n_4","Purchase (EUR)"
"res_partner_supplier_n_4","Purchase (EUR)"
"res_partner_supplier_n_4","Purchase (EUR)"
"res_partner_supplier_n_4","Purchase (EUR)"
"res_partner_supplier_n_4","Purchase (EUR)"
"res_partner_supplier_n_4","Purchase (EUR)"
"res_partner_supplier_n_4","Purchase (EUR)"
"res_partner_supplier_n_4","Purchase (EUR)"
"res_partner_supplier_n_4","Purchase (EUR)"
"res_partner_supplier_n_4","Purchase (EUR)"
"res_partner_supplier_n_4","Purchase (EUR)"
"res_partner_supplier_n_4","Purchase (EUR)"
"res_partner_supplier_n_4","Purchase (EUR)"
"res_partner_supplier_n_4","Purchase (EUR)"
"res_partner_supplier_n_4","Purchase (EUR)"
"res_partner_supplier_n_4","Purchase (EUR)"
"res_partner_supplier_n_4","Purchase (EUR)"
"res_partner_supplier_n_4","Purchase (EUR)"
"res_partner_supplier_n_4","Purchase (EUR)"
"res_partner_supplier_n_4","Purchase (EUR)"
"res_partner_supplier_n_4","Purchase (EUR)"
"res_partner_supplier_n_4","Purchase (EUR)"
"res_partner_supplier_n_4","Purchase (EUR)"
"res_partner_supplier_n_4","Purchase (EUR)"
"res_partner_supplier_n_4","Purchase (EUR)"
"res_partner_supplier_n_4","Purchase (EUR)"
"res_partner_supplier_n_4","Purchase (EUR)"
"res_partner_supplier_n_4","Purchase (EUR)"
"res_partner_supplier_n_4","Purchase (EUR)"
"res_partner_supplier_n_4","Purchase (EUR)"
"res_partner_supplier_n_4","Purchase (EUR)"
"res_partner_supplier_n_4","Purchase (EUR)"
"res_partner_supplier_n_4","Purchase (EUR)"
"res_partner_supplier_n_4","Purchase (EUR)"
"res_partner_supplier_n_4","Purchase (EUR)"
"res_partner_supplier_n_4","Purchase (EUR)"
"res_partner_supplier_n_4","Purchase (EUR)"
"res_partner_supplier_n_4","Purchase (EUR)"
"res_partner_supplier_n_4","Purchase (EUR)"
"res_partner_supplier_n_4","Purchase (EUR)"
"res_partner_supplier_n_4","Purchase (EUR)"
"res_partner_supplier_n_4","Purchase (EUR)"
"res_partner_supplier_n_4","Purchase (EUR)"
"res_partner_supplier_n_4","Purchase (EUR)"
"res_partner_supplier_n_4","Purchase (EUR)"
"res_partner_supplier_n_4","Purchase (EUR)"
"res_partner_supplier_n_4","Purchase (EUR)"
"res_partner_supplier_n_4","Purchase (EUR)"
"res_partner_supplier_n_4","Purchase (EUR)"
"res_partner_supplier_n_4","Purchase (EUR)"
"res_partner_supplier_n_4","Purchase (EUR)"
"res_partner_supplier_n_4","Purchase (EUR)"
"res_partner_supplier_n_4","Purchase (EUR)"
"res_partner_supplier_n_4","Purchase (EUR)"
"res_partner_supplier_n_4","Purchase (EUR)"
"res_partner_supplier_n_4","Purchase (EUR)"
"res_partner_supplier_n_4","Purchase (EUR)"
"res_partner_supplier_n_4","Purchase (EUR)"
"res_partner_supplier_n_4","Purchase (EUR)"
"res_partner_supplier_n_4","Purchase (EUR)"
"res_partner_supplier_n_4","Purchase (EUR)"
"res_partner_supplier_n_4","Purchase (EUR)"
"res_partner_supplier_n_4","Purchase (EUR)"
"res_partner_supplier_n_4","Purchase (EUR)"
"res_partner_supplier_n_4","Purchase (EUR)"
"res_partner_supplier_n_4","Purchase (EUR)"
"res_partner_supplier_n_4","Purchase (EUR)"
"res_partner_supplier_n_4","Purchase (EUR)"
"res_partner_supplier_n_4","Purchase (EUR)"
"res_partner_supplier_n_4","Purchase (EUR)"
"res_partner_supplier_n_4","Purchase (EUR)"
"res_partner_supplier_n_4","Purchase (EUR)"
"res_partner_supplier_n_4","Purchase (EUR)"
"res_partner_supplier_n_4","Purchase (EUR)"
"res_partner_supplier_n_4","Purchase (EUR)"
"res_partner_supplier_n_4","Purchase (EUR)"
"res_partner_supplier_n_4","Purchase (EUR)"
"res_partner_supplier_n_4","Purchase (EUR)"
"res_partner_supplier_n_4","Purchase (EUR)"
"res_partner_supplier_n_4","Purchase (EUR)"
"res_partner_supplier_n_4","Purchase (EUR)"
"res_partner_supplier_n_4","Purchase (EUR)"
"res_partner_supplier_n_4","Purchase (EUR)"
"res_partner_supplier_n_4","Purchase (EUR)"
"res_partner_supplier_n_4","Purchase (EUR)"
"res_partner_supplier_n_4","Purchase (EUR)"
"res_partner_supplier_n_4","Purchase (EUR)"
"res_partner_supplier_n_4","Purchase (EUR)"
"res_partner_supplier_n_4","Purchase (EUR)"
"res_partner_supplier_n_4","Purchase (EUR)"
"res_partner_supplier_n_4","Purchase (EUR)"
"res_partner_supplier_n_4","Purchase (EUR)"
"res_partner_supplier_n_4","Purchase (EUR)"
"res_partner_supplier_n_4","Purchase (EUR)"
"res_partner_supplier_n_4","Purchase (EUR)"
"res_partner_supplier_n_4","Purchase (EUR)"
"res_partner_supplier_n_4","Purchase (EUR)"
"res_partner_supplier_n_4","Purchase (EUR)"
"res_partner_supplier_n_4","Purchase (EUR)"
"res_partner_supplier_n_4","Purchase (EUR)"
"res_partner_supplier_n_4","Purchase (EUR)"
"res_partner_supplier_n_4","Purchase (EUR)"
"res_partner_supplier_n_4","Purchase (EUR)"
"res_partner_supplier_n_4","Purchase (EUR)"
"res_partner_supplier_n_4","Purchase (EUR)"
"res_partner_supplier_n_4","Purchase (EUR)"
"res_partner_supplier_n_4","Purchase (EUR)"
"res_partner_supplier_n_4","Purchase (EUR)"
"res_partner_supplier_n_4","Purchase (EUR)"
"res_partner_supplier_n_4","Purchase (EUR)"
"res_partner_supplier_n_4","Purchase (EUR)"
"res_partner_supplier_n_4","Purchase (EUR)"
"res_partner_supplier_n_4","Purchase (EUR)"
"res_partner_supplier_n_4","Purchase (EUR)"
"res_partner_supplier_n_4","Purchase (EUR)"
"res_partner_supplier_n_4","Purchase (EUR)"
"res_partner_supplier_n_4","Purchase (EUR)"
"res_partner_supplier_n_4","Purchase (EUR)"
"res_partner_supplier_n_4","Purchase (EUR)"
"res_partner_supplier_n_4","Purchase (EUR)"
"res_partner_supplier_n_4","Purchase (EUR)"
"res_partner_supplier_n_4","Purchase (EUR)"
"res_partner_supplier_n_4","Purchase (EUR)"
"res_partner_supplier_n_4","Purchase (EUR)"
"res_partner_supplier_n_4","Purchase (EUR)"
"res_partner_supplier_n_4","Purchase (EUR)"
"res_partner_supplier_n_4","Purchase (EUR)"
"res_partner_supplier_n_4","Purchase (EUR)"
"res_partner_supplier_n_4","Purchase (EUR)"
"res_partner_supplier_n_4","Purchase (EUR)"
"res_partner_supplier_n_4","Purchase (EUR)"
"res_partner_supplier_n_4","Purchase (EUR)"
"res_partner_supplier_n_4","Purchase (EUR)"
"res_partner_supplier_n_4","Purchase (EUR)"
"res_partner_supplier_n_4","Purchase (EUR)"
"res_partner_supplier_n_4","Purchase (EUR)"
"res_partner_supplier_n_4","Purchase (EUR)"
"res_partner_supplier_n_4","Purchase (EUR)"
"res_partner_supplier_n_4","Purchase (EUR)"
"res_partner_supplier_n_4","Purchase (EUR)"
"res_partner_supplier_n_4","Purchase (EUR)"
"res_partner_supplier_n_4","Purchase (EUR)"
"res_partner_supplier_n_4","Purchase (EUR)"
"res_partner_supplier_n_4","Purchase (EUR)"
"res_partner_supplier_n_4","Purchase (EUR)"
"res_partner_supplier_n_4","Purchase (EUR)"
"res_partner_supplier_n_4","Purchase (EUR)"
"res_partner_supplier_n_4","Purchase (EUR)"
"res_partner_supplier_n_4","Purchase (EUR)"
"res_partner_supplier_n_4","Purchase (EUR)"
"res_partner_supplier_n_4","Purchase (EUR)"
"res_partner_supplier_n_4","Purchase (EUR)"
"res_partner_supplier_n_4","Purchase (EUR)"
"res_partner_supplier_n_4","Purchase (EUR)"
"res_partner_supplier_n_4","Purchase (EUR)"
"res_partner_supplier_n_4","Purchase (EUR)"
"res_partner_supplier_n_4","Purchase (EUR)"
"res_partner_supplier_n_4","Purchase (EUR)"
"res_partner_supplier_n_4","Purchase (EUR)"
"res_partner_supplier_n_4","Purchase (EUR)"
"res_partner_supplier_n_4","Purchase (EUR)"
"res_partner_supplier_n_4","Purchase (EUR)"
"res_partner_supplier_n_4","Purchase (EUR)"
"res_partner_supplier_n_4","Purchase (EUR)"
"res_partner_supplier_n_4","Purchase (EUR)"
"res_partner_supplier_n_4","Purchase (EUR)"
"res_partner_supplier_n_4","Purchase (EUR)"
"res_partner_supplier_n_4","Purchase (EUR)"
"res_partner_supplier_n_4","Purchase (EUR)"
"res_partner_supplier_n_4","Purchase (EUR)"
"res_partner_supplier_n_4","Purchase (EUR)"
"res_partner_supplier_n_4","Purchase (EUR)"
"res_partner_supplier_n_4","Purchase (EUR)"
"res_partner_supplier_n_4","Purchase (EUR)"
"res_partner_supplier_n_4","Purchase (EUR)"
"res_partner_supplier_n_4","Purchase (EUR)"
"res_partner_supplier_n_4","Purchase (EUR)"
"res_partner_supplier_n_4","Purchase (EUR)"
"res_partner_supplier_n_4","Purchase (EUR)"
"res_partner_supplier_n_4","Purchase (EUR)"
"res_partner_supplier_n_4","Purchase (EUR)"
"res_partner_supplier_n_4","Purchase (EUR)"
"res_partner_supplier_n_4","Purchase (EUR)"
"res_partner_supplier_n_4","Purchase (EUR)"
"res_partner_supplier_n_4","Purchase (EUR)"
"res_partner_supplier_n_4","Purchase (EUR)"
"res_partner_supplier_n_4","Purchase (EUR)"
"res_partner_supplier_n_4","Purchase (EUR)"
"res_partner_supplier_n_4","Purchase (EUR)"
"res_partner_supplier_n_4","Purchase (EUR)"
"res_partner_supplier_n_4","Purchase (EUR)"
"res_partner_supplier_n_4","Purchase (EUR)"
"res_partner_supplier_n_4","Purchase (EUR)"
"res_partner_supplier_n_4","Purchase (EUR)"
"res_partner_supplier_n_4","Purchase (EUR)"
"res_partner_supplier_n_4","Purchase (EUR)"
"res_partner_supplier_n_4","Purchase (EUR)"
"res_partner_supplier_n_4","Purchase (EUR)"
"res_partner_supplier_n_4","Purchase (EUR)"
"res_partner_supplier_n_4","Purchase (EUR)"
"res_partner_supplier_n_4","Purchase (EUR)"
"res_partner_supplier_n_4","Purchase (EUR)"
"res_partner_supplier_n_4","Purchase (EUR)"
"res_partner_supplier_n_4","Purchase (EUR)"
"res_partner_supplier_n_4","Purchase (EUR)"
"res_partner_supplier_n_4","Purchase (EUR)"
"res_partner_supplier_n_4","Purchase (EUR)"
"res_partner_supplier_n_4","Purchase (EUR)"
"res_partner_supplier_n_4","Purchase (EUR)"
"res_partner_supplier_n_4","Purchase (EUR)"
"res_partner_supplier_n_4","Purchase (EUR)"
"res_partner_supplier_n_4","Purchase (EUR)"
"res_partner_supplier_n_4","Purchase (EUR)"
"res_partner_supplier_n_4","Purchase (EUR)"
"res_partner_supplier_n_4","Purchase (EUR)"
"res_partner_supplier_n_4","Purchase (EUR)"
"res_partner_supplier_n_4","Purchase (EUR)"
"res_partner_supplier_n_4","Purchase (EUR)"
"res_partner_supplier_n_4","Purchase (EUR)"
"res_partner_supplier_n_4","Purchase (EUR)"
"res_partner_supplier_n_4","Purchase (EUR)"
"res_partner_supplier_n_4","Purchase (EUR)"
"res_partner_supplier_n_4","Purchase (EUR)"
"res_partner_supplier_n_4","Purchase (EUR)"
"res_partner_supplier_n_4","Purchase (EUR)"
"res_partner_supplier_n_4","Purchase (EUR)"
"res_partner_supplier_n_4","Purchase (EUR)"
"res_partner_supplier_n_4","Purchase (EUR)"
"res_partner_supplier_n_4","Purchase (EUR)"
"res_partner_supplier_n_4","Purchase (EUR)"
"res_partner_supplier_n_4","Purchase (EUR)"
"res_partner_supplier_n_4","Purchase (EUR)"
"res_partner_supplier_n_4","Purchase (EUR)"
"res_partner_supplier_n_4","Purchase (EUR)"
"res_partner_supplier_n_4","Purchase (EUR)"
"res_partner_supplier_n_4","Purchase (EUR)"
"res_partner_supplier_n_4","Purchase (EUR)"
"res_partner_supplier_n_4","Purchase (EUR)"
"res_partner_supplier_n_4","Purchase (EUR)"
"res_partner_supplier_n_4","Purchase (EUR)"
"res_partner_supplier_n_4","Purchase (EUR)"
"res_partner_supplier_n_4","Purchase (EUR)"
"res_partner_supplier_n_4","Purchase (EUR)"
"res_partner_supplier_n_4","Purchase (EUR)"
"res_partner_supplier_n_4","Purchase (EUR)"
"res_partner_supplier_n_4","Purchase (EUR)"
"res_partner_supplier_n_4","Purchase (EUR)"
"res_partner_supplier_n_4","Purchase (EUR)"
"res_partner_supplier_n_4","Purchase (EUR)"
"res_partner_supplier_n_4","Purchase (EUR)"
"res_partner_supplier_n_4","Purchase (EUR)"
"res_partner_supplier_n_4","Purchase (EUR)"
"res_partner_supplier_n_4","Purchase (EUR)"
"res_partner_supplier_n_4","Purchase (EUR)"
"res_partner_supplier_n_4","Purchase (EUR)"
"res_partner_supplier_n_4","Purchase (EUR)"
"res_partner_supplier_n_4","Purchase (EUR)"
"res_partner_supplier_n_4","Purchase (EUR)"
"res_partner_supplier_n_4","Purchase (EUR)"
"res_partner_supplier_n_4","Purchase (EUR)"
"res_partner_supplier_n_4","Purchase (EUR)"
"res_partner_supplier_n_4","Purchase (EUR)"
"res_partner_supplier_n_4","Purchase (EUR)"
"res_partner_supplier_n_4","Purchase (EUR)"
"res_partner_supplier_n_4","Purchase (EUR)"
"res_partner_supplier_n_4","Purchase (EUR)"
"res_partner_supplier_n_4","Purchase (EUR)"
"res_partner_supplier_n_4","Purchase (EUR)"
"res_partner_supplier_n_4","Purchase (EUR)"
"res_partner_supplier_n_4","Purchase (EUR)"
"res_partner_supplier_n_4","Purchase (EUR)"
"res_partner_supplier_n_4","Purchase (EUR)"
"res_partner_supplier_n_4","Purchase (EUR)"
"res_partner_supplier_n_4","Purchase (EUR)"
"res_partner_supplier_n_4","Purchase (EUR)"
"res_partner_supplier_n_4","Purchase (EUR)"
"res_partner_supplier_n_4","Purchase (EUR)"
"res_partner_supplier_n_4","Purchase (EUR)"
"res_partner_supplier_n_4","Purchase (EUR)"
"res_partner_supplier_n_4","Purchase (EUR)"
"res_partner_supplier_n_4","Purchase (EUR)"
"res_partner_supplier_n_4","Purchase (EUR)"
"res_partner_supplier_n_4","Purchase (EUR)"
"res_partner_supplier_n_4","Purchase (EUR)"
"res_partner_supplier_n_4","Purchase (EUR)"
"res_partner_supplier_n_4","Purchase (EUR)"
"res_partner_supplier_n_4","Purchase (EUR)"
"res_partner_supplier_n_4","Purchase (EUR)"
"res_partner_supplier_n_4","Purchase (EUR)"
"res_partner_supplier_n_4","Purchase (EUR)"
"res_partner_supplier_n_4","Purchase (EUR)"
"res_partner_supplier_n_4","Purchase (EUR)"
"res_partner_supplier_n_4","Purchase (EUR)"
"res_partner_supplier_n_4","Purchase (EUR)"
"res_partner_supplier_n_4","Purchase (EUR)"
"res_partner_supplier_n_4","Purchase (EUR)"
"res_partner_supplier_n_4","Purchase (EUR)"
"res_partner_supplier_n_4","Purchase (EUR)"
"res_partner_supplier_n_4","Purchase (EUR)"
"res_partner_supplier_n_4","Purchase (EUR)"
"res_partner_supplier_n_4","Purchase (EUR)"
"res_partner_supplier_n_4","Purchase (EUR)"
"res_partner_supplier_n_4","Purchase (EUR)"
"res_partner_supplier_n_4","Purchase (EUR)"
"res_partner_supplier_n_4","Purchase (EUR)"
"res_partner_supplier_n_4","Purchase (EUR)"
"res_partner_supplier_n_4","Purchase (EUR)"
"res_partner_supplier_n_4","Purchase (EUR)"
"res_partner_supplier_n_4","Purchase (EUR)"
"res_partner_supplier_n_4","Purchase (EUR)"
"res_partner_supplier_n_4","Purchase (EUR)"
"res_partner_supplier_n_4","Purchase (EUR)"
"res_partner_supplier_n_4","Purchase (EUR)"
"res_partner_supplier_n_4","Purchase (EUR)"
"res_partner_supplier_n_4","Purchase (EUR)"
"res_partner_supplier_n_4","Purchase (EUR)"
"res_partner_supplier_n_4","Purchase (EUR)"
"res_partner_supplier_n_4","Purchase (EUR)"
"res_partner_supplier_n_4","Purchase (EUR)"
"res_partner_supplier_n_4","Purchase (EUR)"
"res_partner_supplier_n_4","Purchase (EUR)"
"res_partner_supplier_n_4","Purchase (EUR)"
"res_partner_supplier_n_4","Purchase (EUR)"
"res_partner_supplier_n_4","Purchase (EUR)"
"res_partner_supplier_n_4","Purchase (EUR)"
"res_partner_supplier_n_4","Purchase (EUR)"
"res_partner_supplier_n_4","Purchase (EUR)"
"res_partner_supplier_n_4","Purchase (EUR)"
"res_partner_supplier_n_4","Purchase (EUR)"
"res_partner_supplier_n_4","Purchase (EUR)"
"res_partner_supplier_n_4","Purchase (EUR)"
"res_partner_supplier_n_4","Purchase (EUR)"
"res_partner_supplier_n_4","Purchase (EUR)"
"res_partner_supplier_n_4","Purchase (EUR)"
"res_partner_supplier_n_4","Purchase (EUR)"
"res_partner_supplier_n_4","Purchase (EUR)"
"res_partner_supplier_n_4","Purchase (EUR)"
"res_partner_supplier_n_4","Purchase (EUR)"
"res_partner_supplier_n_4","Purchase (EUR)"
"res_partner_supplier_n_4","Purchase (EUR)"
"res_partner_supplier_n_4","Purchase (EUR)"
"res_partner_supplier_n_4","Purchase (EUR)"
"res_partner_supplier_n_4","Purchase (EUR)"
"res_partner_supplier_n_4","Purchase (EUR)"
"res_partner_supplier_n_4","Purchase (EUR)"
"res_partner_supplier_n_4","Purchase (EUR)"
"res_partner_supplier_n_4","Purchase (EUR)"
"res_partner_supplier_n_4","Purchase (EUR)"
"res_partner_supplier_n_4","Purchase (EUR)"
"res_partner_supplier_n_4","Purchase (EUR)"
"res_partner_supplier_n_4","Purchase (EUR)"
"res_partner_supplier_n_4","Purchase (EUR)"
"res_partner_supplier_n_4","Purchase (EUR)"
"res_partner_supplier_n_4","Purchase (EUR)"
"res_partner_supplier_n_4","Purchase (EUR)"
"res_partner_supplier_n_4","Purchase (EUR)"
"res_partner_supplier_n_4","Purchase (EUR)"
"res_partner_supplier_n_4","Purchase (EUR)"
"res_partner_supplier_n_4","Purchase (EUR)"
"res_partner_supplier_n_4","Purchase (EUR)"
"res_partner_supplier_n_4","Purchase (EUR)"
"res_partner_supplier_n_4","Purchase (EUR)"
"res_partner_supplier_n_4","Purchase (EUR)"
"res_partner_supplier_n_4","Purchase (EUR)"
"res_partner_supplier_n_4","Purchase (EUR)"
"res_partner_supplier_n_4","Purchase (EUR)"
"res_partner_supplier_n_4","Purchase (EUR)"
"res_partner_supplier_n_4","Purchase (EUR)"
"res_partner_supplier_n_4","Purchase (EUR)"
"res_partner_supplier_n_4","Purchase (EUR)"
"res_partner_supplier_n_4","Purchase (EUR)"
"res_partner_supplier_n_4","Purchase (EUR)"
"res_partner_supplier_n_4","Purchase (EUR)"
"res_partner_supplier_n_4","Purchase (EUR)"
"res_partner_supplier_n_4","Purchase (EUR)"
"res_partner_supplier_n_4","Purchase (EUR)"
"res_partner_supplier_n_4","Purchase (EUR)"
"res_partner_supplier_n_4","Purchase (EUR)"
"res_partner_supplier_n_4","Purchase (EUR)"
"res_partner_supplier_n_4","Purchase (EUR)"
"res_partner_supplier_n_4","Purchase (EUR)"
"res_partner_supplier_n_4","Purchase (EUR)"
"res_partner_supplier_n_4","Purchase (EUR)"
"res_partner_supplier_n_4","Purchase (EUR)"
"res_partner_supplier_n_4","Purchase (EUR)"
"res_partner_supplier_n_4","Purchase (EUR)"
"res_partner_supplier_n_4","Purchase (EUR)"
"res_partner_supplier_n_4","Purchase (EUR)"
"res_partner_supplier_n_4","Purchase (EUR)"
"res_partner_supplier_n_4","Purchase (EUR)"
"res_partner_supplier_n_4","Purchase (EUR)"
"res_partner_supplier_n_4","Purchase (EUR)"
"res_partner_supplier_n_4","Purchase (EUR)"
"res_partner_supplier_n_4","Purchase (EUR)"
"res_partner_supplier_n_4","Purchase (EUR)"
"res_partner_supplier_n_4","Purchase (EUR)"
"res_partner_supplier_n_4","Purchase (EUR)"
"res_partner_supplier_n_4","Purchase (EUR)"
"res_partner_supplier_n_4","Purchase (EUR)"
"res_partner_supplier_n_4","Purchase (EUR)"
"res_partner_supplier_n_4","Purchase (EUR)"
"res_partner_supplier_n_4","Purchase (EUR)"
"res_partner_supplier_n_4","Purchase (EUR)"
"res_partner_supplier_n_4","Purchase (EUR)"
"res_partner_supplier_n_4","Purchase (EUR)"
"res_partner_supplier_n_4","Purchase (EUR)"
"res_partner_supplier_n_4","Purchase (EUR)"
"res_partner_supplier_n_4","Purchase (EUR)"
"res_partner_supplier_n_4","Purchase (EUR)"
"res_partner_supplier_n_4","Purchase (EUR)"
"res_partner_supplier_n_4","Purchase (EUR)"
"res_partner_supplier_n_4","Purchase (EUR)"
"res_partner_supplier_n_4","Purchase (EUR)"
"res_partner_supplier_n_4","Purchase (EUR)"
"res_partner_supplier_n_4","Purchase (EUR)"
"res_partner_supplier_n_4","Purchase (EUR)"
"res_partner_supplier_n_4","Purchase (EUR)"
"res_partner_supplier_n_4","Purchase (EUR)"
"res_partner_supplier_n_4","Purchase (EUR)"
"res_partner_supplier_n_4","Purchase (EUR)"
"res_partner_supplier_n_4","Purchase (EUR)"
"res_partner_supplier_n_4","Purchase (EUR)"
"res_partner_supplier_n_4","Purchase (EUR)"
"res_partner_supplier_n_4","Purchase (EUR)"
"res_partner_supplier_n_4","Purchase (EUR)"
"res_partner_supplier_n_4","Purchase (EUR)"
"res_partner_supplier_n_4","Purchase (EUR)"
"res_partner_supplier_n_4","Purchase (EUR)"
"res_partner_supplier_n_4","Purchase (EUR)"
"res_partner_supplier_n_4","Purchase (EUR)"
"res_partner_supplier_n_4","Purchase (EUR)"
"res_partner_supplier_n_4","Purchase (EUR)"
"res_partner_supplier_n_4","Purchase (EUR)"
"res_partner_supplier_n_4","Purchase (EUR)"
"res_partner_supplier_n_4","Purchase (EUR)"
"res_partner_supplier_n_4","Purchase (EUR)"
"res_partner_supplier_n_4","Purchase (EUR)"
"res_partner_supplier_n_4","Purchase (EUR)"
"res_partner_supplier_n_4","Purchase (EUR)"
"res_partner_supplier_n_4","Purchase (EUR)"
"res_partner_supplier_n_4","Purchase (EUR)"
"res_partner_supplier_n_4","Purchase (EUR)"
"res_partner_supplier_n_4","Purchase (EUR)"
"res_partner_supplier_n_4","Purchase (EUR)"
"res_partner_supplier_n_4","Purchase (EUR)"
"res_partner_supplier_n_4","Purchase (EUR)"
"res_partner_supplier_n_4","Purchase (EUR)"
"res_partner_supplier_n_4","Purchase (EUR)"
"res_partner_supplier_n_4","Purchase (EUR)"
"res_partner_supplier_n_4","Purchase (EUR)"
"res_partner_supplier_n_4","Purchase (EUR)"
"res_partner_supplier_n_4","Purchase (EUR)"
"res_partner_supplier_n_4","Purchase (EUR)"
"res_partner_supplier_n_4","Purchase (EUR)"
"res_partner_supplier_n_4","Purchase (EUR)"
"res_partner_supplier_n_4","Purchase (EUR)"
"res_partner_supplier_n_4","Purchase (EUR)"
"res_partner_supplier_n_4","Purchase (EUR)"
"res_partner_supplier_n_4","Purchase (EUR)"
"res_partner_supplier_n_4","Purchase (EUR)"
"res_partner_supplier_n_4","Purchase (EUR)"
"res_partner_supplier_n_4","Purchase (EUR)"
"res_partner_supplier_n_4","Purchase (EUR)"
"res_partner_supplier_n_4","Purchase (EUR)"
"res_partner_supplier_n_4","Purchase (EUR)"
"res_partner_supplier_n_4","Purchase (EUR)"
"res_partner_supplier_n_4","Purchase (EUR)"
"res_partner_supplier_n_4","Purchase (EUR)"
"res_partner_supplier_n_4","Purchase (EUR)"
"res_partner_supplier_n_4","Purchase (EUR)"
"res_partner_supplier_n_4","Purchase (EUR)"
"res_partner_supplier_n_4","Purchase (EUR)"
"res_partner_supplier_n_4","Purchase (EUR)"
"res_partner_supplier_n_4","Purchase (EUR)"
"res_partner_supplier_n_4","Purchase (EUR)"
"res_partner_supplier_n_4","Purchase (EUR)"
"res_partner_supplier_n_4","Purchase (EUR)"
"res_partner_supplier_n_4","Purchase (EUR)"
"res_partner_supplier_n_4","Purchase (EUR)"
"res_partner_supplier_n_4","Purchase (EUR)"
"res_partner_supplier_n_4","Purchase (EUR)"
"res_partner_supplier_n_4","Purchase (EUR)"
"res_partner_supplier_n_4","Purchase (EUR)"
"res_partner_supplier_n_4","Purchase (EUR)"
"res_partner_supplier_n_4","Purchase (EUR)"
"res_partner_supplier_n_4","Purchase (EUR)"
"res_partner_supplier_n_4","Purchase (EUR)"
"res_partner_supplier_n_4","Purchase (EUR)"
"res_partner_supplier_n_4","Purchase (EUR)"
"res_partner_supplier_n_4","Purchase (EUR)"
"res_partner_supplier_n_4","Purchase (EUR)"
"res_partner_supplier_n_4","Purchase (EUR)"
"res_partner_supplier_n_4","Purchase (EUR)"
"res_partner_supplier_n_4","Purchase (EUR)"
"res_partner_supplier_n_4","Purchase (EUR)"
"res_partner_supplier_n_4","Purchase (EUR)"
"res_partner_supplier_n_4","Purchase (EUR)"
"res_partner_supplier_n_4","Purchase (EUR)"
"res_partner_supplier_n_4","Purchase (EUR)"
"res_partner_supplier_n_4","Purchase (EUR)"
"res_partner_supplier_n_4","Purchase (EUR)"
"res_partner_supplier_n_4","Purchase (EUR)"
"res_partner_supplier_n_4","Purchase (EUR)"
"res_partner_supplier_n_4","Purchase (EUR)"
"res_partner_supplier_n_4","Purchase (EUR)"
"res_partner_supplier_n_4","Purchase (EUR)"
"res_partner_supplier_n_4","Purchase (EUR)"
"res_partner_supplier_n_4","Purchase (EUR)"
"res_partner_supplier_n_4","Purchase (EUR)"
"res_partner_supplier_n_4","Purchase (EUR)"
"res_partner_supplier_n_4","Purchase (EUR)"
"res_partner_supplier_n_4","Purchase (EUR)"
"res_partner_supplier_n_4","Purchase (EUR)"
"res_partner_supplier_n_4","Purchase (EUR)"
"res_partner_supplier_n_4","Purchase (EUR)"
"res_partner_supplier_n_4","Purchase (EUR)"
"res_partner_supplier_n_4","Purchase (EUR)"
"res_partner_supplier_n_4","Purchase (EUR)"
"res_partner_supplier_n_4","Purchase (EUR)"
"res_partner_supplier_n_4","Purchase (EUR)"
"res_partner_supplier_n_4","Purchase (EUR)"
"res_partner_supplier_n_4","Purchase (EUR)"
"res_partner_supplier_n_4","Purchase (EUR)"
"res_partner_supplier_n_4","Purchase (EUR)"
"res_partner_supplier_n_4","Purchase (EUR)"
"res_partner_supplier_n_4","Purchase (EUR)"
"res_partner_supplier_n_4","Purchase (EUR)"
"res_partner_supplier_n_4","Purchase (EUR)"
"res_partner_supplier_n_4","Purchase (EUR)"
"res_partner_supplier_n_4","Purchase (EUR)"
"res_partner_supplier_n_4","Purchase (EUR)"
"res_partner_supplier_n_4","Purchase (EUR)"
"res_partner_supplier_n_4","Purchase (EUR)"
"res_partner_supplier_n_4","Purchase (EUR)"
"res_partner_supplier_n_4","Purchase (EUR)"
"res_partner_supplier_n_4","Purchase (EUR)"
"res_partner_supplier_n_4","Purchase (EUR)"
"res_partner_supplier_n_4","Purchase (EUR)"
"res_partner_supplier_n_4","Purchase (EUR)"
"res_partner_supplier_n_4","Purchase (EUR)"
"res_partner_supplier_n_4","Purchase (EUR)"
"res_partner_supplier_n_4","Purchase (EUR)"
"res_partner_supplier_n_4","Purchase (EUR)"
"res_partner_supplier_n_4","Purchase (EUR)"
"res_partner_supplier_n_4","Purchase (EUR)"
"res_partner_supplier_n_4","Purchase (EUR)"
"res_partner_supplier_n_4","Purchase (EUR)"
"res_partner_supplier_n_4","Purchase (EUR)"
"res_partner_supplier_n_4","Purchase (EUR)"
"res_partner_supplier_n_4","Purchase (EUR)"
"res_partner_supplier_n_4","Purchase (EUR)"
"res_partner_supplier_n_4","Purchase (EUR)"
"res_partner_supplier_n_4","Purchase (EUR)"
"res_partner_supplier_n_4","Purchase (EUR)"
"res_partner_supplier_n_4","Purchase (EUR)"
"res_partner_supplier_n_4","Purchase (EUR)"
"res_partner_supplier_n_4","Purchase (EUR)"
"res_partner_supplier_n_4","Purchase (EUR)"
"res_partner_supplier_n_4","Purchase (EUR)"
"res_partner_supplier_n_4","Purchase (EUR)"
"res_partner_supplier_n_4","Purchase (EUR)"
"res_partner_supplier_n_4","Purchase (EUR)"
"res_partner_supplier_n_4","Purchase (EUR)"
"res_partner_supplier_n_4","Purchase (EUR)"
"res_partner_supplier_n_4","Purchase (EUR)"
"res_partner_supplier_n_4","Purchase (EUR)"
"res_partner_supplier_n_4","Purchase (EUR)"
"res_partner_supplier_n_4","Purchase (EUR)"
"res_partner_supplier_n_4","Purchase (EUR)"
"res_partner_supplier_n_4","Purchase (EUR)"
"res_partner_supplier_n_4","Purchase (EUR)"
"res_partner_supplier_n_4","Purchase (EUR)"
"res_partner_supplier_n_4","Purchase (EUR)"
"res_partner_supplier_n_4","Purchase (EUR)"
"res_partner_supplier_n_4","Purchase (EUR)"
"res_partner_supplier_n_4","Purchase (EUR)"
"res_partner_supplier_n_4","Purchase (EUR)"
"res_partner_supplier_n_4","Purchase (EUR)"
"res_partner_supplier_n_4","Purchase (EUR)"
"res_partner_supplier_n_4","Purchase (EUR)"
"res_partner_supplier_n_4","Purchase (EUR)"
"res_partner_supplier_n_4","Purchase (EUR)"
"res_partner_supplier_n_4","Purchase (EUR)"
"res_partner_supplier_n_4","Purchase (EUR)"
"res_partner_supplier_n_4","Purchase (EUR)"
"res_partner_supplier_n_4","Purchase (EUR)"
"res_partner_supplier_n_4","Purchase (EUR)"
"res_partner_supplier_n_4","Purchase (EUR)"
"res_partner_supplier_n_4","Purchase (EUR)"
"res_partner_supplier_n_4","Purchase (EUR)"
"res_partner_supplier_n_4","Purchase (EUR)"
"res_partner_supplier_n_4","Purchase (EUR)"
"res_partner_supplier_n_4","Purchase (EUR)"
"res_partner_supplier_n_4","Purchase (EUR)"
"res_partner_supplier_n_4","Purchase (EUR)"
"res_partner_supplier_n_4","Purchase (EUR)"
"res_partner_supplier_n_4","Purchase (EUR)"
"res_partner_supplier_n_4","Purchase (EUR)"
"res_partner_supplier_n_4","Purchase (EUR)"
"res_partner_supplier_n_4","Purchase (EUR)"
"res_partner_supplier_n_4","Purchase (EUR)"
"res_partner_supplier_n_4","Purchase (EUR)"
"res_partner_supplier_n_4","Purchase (EUR)"
"res_partner_supplier_n_4","Purchase (EUR)"
"res_partner_supplier_n_4","Purchase (EUR)"
"res_partner_supplier_n_4","Purchase (EUR)"
"res_partner_supplier_n_4","Purchase (EUR)"
"res_partner_supplier_n_4","Purchase (EUR)"
"res_partner_supplier_n_4","Purchase (EUR)"
"res_partner_supplier_n_4","Purchase (EUR)"
"res_partner_supplier_n_4","Purchase (EUR)"
"res_partner_supplier_n_4","Purchase (EUR)"
"res_partner_supplier_n_4","Purchase (EUR)"
"res_partner_supplier_n_4","Purchase (EUR)"
"res_partner_supplier_n_4","Purchase (EUR)"
"res_partner_supplier_n_4","Purchase (EUR)"
"res_partner_supplier_n_4","Purchase (EUR)"
"res_partner_supplier_n_4","Purchase (EUR)"
"res_partner_supplier_n_4","Purchase (EUR)"
"res_partner_supplier_n_4","Purchase (EUR)"
"res_partner_supplier_n_4","Purchase (EUR)"
"res_partner_supplier_n_4","Purchase (EUR)"
"res_partner_supplier_n_4","Purchase (EUR)"
"res_partner_supplier_n_4","Purchase (EUR)"
"res_partner_supplier_n_4","Purchase (EUR)"
"res_partner_supplier_n_4","Purchase (EUR)"
"res_partner_supplier_n_4","Purchase (EUR)"
"res_partner_supplier_n_4","Purchase (EUR)"
"res_partner_supplier_n_4","Purchase (EUR)"
"res_partner_supplier_n_4","Purchase (EUR)"
"res_partner_supplier_n_4","Purchase (EUR)"
"res_partner_supplier_n_4","Purchase (EUR)"
"res_partner_supplier_n_4","Purchase (EUR)"
"res_partner_supplier_n_4","Purchase (EUR)"
"res_partner_supplier_n_4","Purchase (EUR)"
"res_partner_supplier_n_4","Purchase (EUR)"
"res_partner_supplier_n_4","Purchase (EUR)"
"res_partner_supplier_n_4","Purchase (EUR)"
"res_partner_supplier_n_4","Purchase (EUR)"
"res_partner_supplier_n_4","Purchase (EUR)"
"res_partner_supplier_n_4","Purchase (EUR)"
"res_partner_supplier_n_4","Purchase (EUR)"
"res_partner_supplier_n_4","Purchase (EUR)"
"res_partner_supplier_n_4","Purchase (EUR)"
"res_partner_supplier_n_4","Purchase (EUR)"
"res_partner_supplier_n_4","Purchase (EUR)"
"res_partner_supplier_n_4","Purchase (EUR)"
"res_partner_supplier_n_4","Purchase (EUR)"
"res_partner_supplier_n_4","Purchase (EUR)"
"res_partner_supplier_n_4","Purchase (EUR)"
"res_partner_supplier_n_4","Purchase (EUR)"
"res_partner_supplier_n_4","Purchase (EUR)"
"res_partner_supplier_n_4","Purchase (EUR)"
"res_partner_supplier_n_4","Purchase (EUR)"
"res_partner_supplier_n_4","Purchase (EUR)"
"res_partner_supplier_n_4","Purchase (EUR)"
"res_partner_supplier_n_4","Purchase (EUR)"
"res_partner_supplier_n_4","Purchase (EUR)"
"res_partner_supplier_n_4","Purchase (EUR)"
"res_partner_supplier_n_4","Purchase (EUR)"
"res_partner_supplier_n_4","Purchase (EUR)"
"res_partner_supplier_n_4","Purchase (EUR)"
"res_partner_supplier_n_4","Purchase (EUR)"
"res_partner_supplier_n_4","Purchase (EUR)"
"res_partner_supplier_n_4","Purchase (EUR)"
"res_partner_supplier_n_4","Purchase (EUR)"
"res_partner_supplier_n_4","Purchase (EUR)"
"res_partner_supplier_n_4","Purchase (EUR)"
"res_partner_supplier_n_4","Purchase (EUR)"
"res_partner_supplier_n_4","Purchase (EUR)"
"res_partner_supplier_n_4","Purchase (EUR)"
"res_partner_supplier_n_4","Purchase (EUR)"
"res_partner_supplier_n_4","Purchase (EUR)"
"res_partner_supplier_n_4","Purchase (EUR)"
"res_partner_supplier_n_4","Purchase (EUR)"
"res_partner_supplier_n_4","Purchase (EUR)"
"res_partner_supplier_n_4","Purchase (EUR)"
"res_partner_supplier_n_4","Purchase (EUR)"
"res_partner_supplier_n_4","Purchase (EUR)"
"res_partner_supplier_n_4","Purchase (EUR)"
"res_partner_supplier_n_4","Purchase (EUR)"
"res_partner_supplier_n_4","Purchase (EUR)"
"res_partner_supplier_n_4","Purchase (EUR)"
"res_partner_supplier_n_4","Purchase (EUR)"
"res_partner_supplier_n_4","Purchase (EUR)"
"res_partner_supplier_n_4","Purchase (EUR)"
"res_partner_supplier_n_4","Purchase (EUR)"
"res_partner_supplier_n_4","Purchase (EUR)"
"res_partner_supplier_n_4","Purchase (EUR)"
"res_partner_supplier_n_4","Purchase (EUR)"
"res_partner_supplier_n_4","Purchase (EUR)"
"res_partner_supplier_n_4","Purchase (EUR)"
"res_partner_supplier_n_4","Purchase (EUR)"
"res_partner_supplier_n_4","Purchase (EUR)"
"res_partner_supplier_n_4","Purchase (EUR)"
"res_partner_supplier_n_4","Purchase (EUR)"
"res_partner_supplier_n_4","Purchase (EUR)"
"res_partner_supplier_n_4","Purchase (EUR)"
"res_partner_supplier_n_4","Purchase (EUR)"
"res_partner_supplier_n_4","Purchase (EUR)"
"res_partner_supplier_n_4","Purchase (EUR)"
"res_partner_supplier_n_4","Purchase (EUR)"
"res_partner_supplier_n_4","Purchase (EUR)"
"res_partner_supplier_n_4","Purchase (EUR)"
"res_partner_supplier_n_4","Purchase (EUR)"
"res_partner_supplier_n_4","Purchase (EUR)"
"res_partner_supplier_n_4","Purchase (EUR)"
"res_partner_supplier_n_4","Purchase (EUR)"
"res_partner_supplier_n_4","Purchase (EUR)"
"res_partner_supplier_n_4","Purchase (EUR)"
"res_partner_supplier_n_4","Purchase (EUR)"
"res_partner_supplier_n_4","Purchase (EUR)"
"res_partner_supplier_n_4","Purchase (EUR)"
"res_partner_supplier_n_4","Purchase (EUR)"
"res_partner_supplier_n_4","Purchase (EUR)"
"res_partner_supplier_n_4","Purchase (EUR)"
"res_partner_supplier_n_4","Purchase (EUR)"
"res_partner_supplier_n_4","Purchase (EUR)"
"res_partner_supplier_n_4","Purchase (EUR)"
"res_partner_supplier_n_4","Purchase (EUR)"
"res_partner_supplier_n_4","Purchase (EUR)"
"res_partner_supplier_n_4","Purchase (EUR)"
"res_partner_supplier_n_4","Purchase (EUR)"
"res_partner_supplier_n_4","Purchase (EUR)"
"res_partner_supplier_n_4","Purchase (EUR)"
"res_partner_supplier_n_4","Purchase (EUR)"
"res_partner_supplier_n_4","Purchase (EUR)"
"res_partner_supplier_n_4","Purchase (EUR)"
"res_partner_supplier_n_4","Purchase (EUR)"
"res_partner_supplier_n_4","Purchase (EUR)"
"res_partner_supplier_n_4","Purchase (EUR)"
"res_partner_supplier_n_4","Purchase (EUR)"
"res_partner_supplier_n_4","Purchase (EUR)"
"res_partner_supplier_n_4","Purchase (EUR)"
"res_partner_supplier_n_4","Purchase (EUR)"
"res_partner_supplier_n_4","Purchase (EUR)"
"res_partner_supplier_n_4","Purchase (EUR)"
"res_partner_supplier_n_4","Purchase (EUR)"
"res_partner_supplier_n_4","Purchase (EUR)"
"res_partner_supplier_n_4","Purchase (EUR)"
"res_partner_supplier_n_4","Purchase (EUR)"
"res_partner_supplier_n_4","Purchase (EUR)"
"res_partner_supplier_n_4","Purchase (EUR)"
"res_partner_supplier_n_4","Purchase (EUR)"
"res_partner_supplier_n_4","Purchase (EUR)"
"res_partner_supplier_n_4","Purchase (EUR)"
"res_partner_supplier_n_4","Purchase (EUR)"
"res_partner_supplier_n_4","Purchase (EUR)"
"res_partner_supplier_n_4","Purchase (EUR)"
"res_partner_supplier_n_4","Purchase (EUR)"
"res_partner_supplier_n_4","Purchase (EUR)"
"res_partner_supplier_n_4","Purchase (EUR)"
"res_partner_supplier_n_4","Purchase (EUR)"
"res_partner_supplier_n_4","Purchase (EUR)"
"res_partner_supplier_n_4","Purchase (EUR)"
"res_partner_supplier_n_4","Purchase (EUR)"
"res_partner_supplier_n_4","Purchase (EUR)"
"res_partner_supplier_n_4","Purchase (EUR)"
"res_partner_supplier_n_4","Purchase (EUR)"
"res_partner_supplier_n_4","Purchase (EUR)"
"res_partner_supplier_n_4","Purchase (EUR)"
"res_partner_supplier_n_4","Purchase (EUR)"
"res_partner_supplier_n_4","Purchase (EUR)"
"res_partner_supplier_n_4","Purchase (EUR)"
"res_partner_supplier_n_4","Purchase (EUR)"
"res_partner_supplier_n_4","Purchase (EUR)"
"res_partner_supplier_n_4","Purchase (EUR)"
"res_partner_supplier_n_4","Purchase (EUR)"
"res_partner_supplier_n_4","Purchase (EUR)"
"res_partner_supplier_n_4","Purchase (EUR)"
"res_partner_supplier_n_4","Purchase (EUR)"
"res_partner_supplier_n_4","Purchase (EUR)"
"res_partner_supplier_n_4","Purchase (EUR)"
"res_partner_supplier_n_4","Purchase (EUR)"
"res_partner_supplier_n_4","Purchase (EUR)"
"res_partner_supplier_n_4","Purchase (EUR)"
"res_partner_supplier_n_4","Purchase (EUR)"
"res_partner_supplier_n_4","Purchase (EUR)"
"res_partner_supplier_n_4","Purchase (EUR)"
"res_partner_supplier_n_4","Purchase (EUR)"
"res_partner_supplier_n_4","Purchase (EUR)"
"res_partner_supplier_n_4","Purchase (EUR)"
"res_partner_supplier_n_4","Purchase (EUR)"
"res_partner_supplier_n_4","Purchase (EUR)"
"res_partner_supplier_n_4","Purchase (EUR)"
"res_partner_supplier_n_4","Purchase (EUR)"
"res_partner_supplier_n_4","Purchase (EUR)"
"res_partner_supplier_n_4","Purchase (EUR)"
"res_partner_supplier_n_4","Purchase (EUR)"
"res_partner_supplier_n_4","Purchase (EUR)"
"res_partner_supplier_n_4","Purchase (EUR)"
"res_partner_supplier_n_4","Purchase (EUR)"
"res_partner_supplier_n_4","Purchase (EUR)"
"res_partner_supplier_n_4","Purchase (EUR)"
"res_partner_supplier_n_4","Purchase (EUR)"
"res_partner_supplier_n_4","Purchase (EUR)"
"res_partner_supplier_n_4","Purchase (EUR)"
"res_partner_supplier_n_4","Purchase (EUR)"
"res_partner_supplier_n_4","Purchase (EUR)"
"res_partner_supplier_n_4","Purchase (EUR)"
"res_partner_supplier_n_4","Purchase (EUR)"
"res_partner_supplier_n_4","Purchase (EUR)"
"res_partner_supplier_n_4","Purchase (EUR)"
"res_partner_supplier_n_4","Purchase (EUR)"
"res_partner_supplier_n_4","Purchase (EUR)"
"res_partner_supplier_n_4","Purchase (EUR)"
"res_partner_supplier_n_4","Purchase (EUR)"
"res_partner_supplier_n_4","Purchase (EUR)"
"res_partner_supplier_n_4","Purchase (EUR)"
"res_partner_supplier_n_4","Purchase (EUR)"
"res_partner_supplier_n_4","Purchase (EUR)"
"res_partner_supplier_n_4","Purchase (EUR)"
"res_partner_supplier_n_4","Purchase (EUR)"
"res_partner_supplier_n_4","Purchase (EUR)"
"res_partner_supplier_n_4","Purchase (EUR)"
"res_partner_supplier_n_4","Purchase (EUR)"
"res_partner_supplier_n_4","Purchase (EUR)"
"res_partner_supplier_n_4","Purchase (EUR)"
"res_partner_supplier_n_4","Purchase (EUR)"
"res_partner_supplier_n_4","Purchase (EUR)"
"res_partner_supplier_n_4","Purchase (EUR)"
"res_partner_supplier_n_4","Purchase (EUR)"
"res_partner_supplier_n_4","Purchase (EUR)"
"res_partner_supplier_n_4","Purchase (EUR)"
"res_partner_supplier_n_4","Purchase (EUR)"
"res_partner_supplier_n_4","Purchase (EUR)"
"res_partner_supplier_n_4","Purchase (EUR)"
"res_partner_supplier_n_4","Purchase (EUR)"
"res_partner_supplier_n_4","Purchase (EUR)"
"res_partner_supplier_n_4","Purchase (EUR)"
"res_partner_supplier_n_4","Purchase (EUR)"
"res_partner_supplier_n_4","Purchase (EUR)"
"res_partner_supplier_n_4","Purchase (EUR)"
"res_partner_supplier_n_4","Purchase (EUR)"
"res_partner_supplier_n_4","Purchase (EUR)"
"res_partner_supplier_n_4","Purchase (EUR)"
"res_partner_supplier_n_4","Purchase (EUR)"
"res_partner_supplier_n_29","Purchase (THB)"
"res_partner_supplier_n_29","Purchase (THB)"
"res_partner_supplier_n_29","Purchase (THB)"
"res_partner_supplier_n_29","Purchase (THB)"
"res_partner_supplier_n_29","Purchase (THB)"
"res_partner_supplier_n_29","Purchase (THB)"
"res_partner_supplier_n_165","Purchase (THB)"
"res_partner_supplier_n_29","Purchase (THB)"
"res_partner_supplier_n_29","Purchase (THB)"
"res_partner_supplier_n_29","Purchase (THB)"
"res_partner_supplier_n_165","Purchase (THB)"
"res_partner_supplier_n_165","Purchase (THB)"
"res_partner_supplier_n_29","Purchase (THB)"
"res_partner_supplier_n_29","Purchase (THB)"
"res_partner_supplier_n_29","Purchase (THB)"
"res_partner_supplier_n_165","Purchase (THB)"
"res_partner_supplier_n_29","Purchase (THB)"
"res_partner_supplier_n_29","Purchase (THB)"
"res_partner_supplier_n_29","Purchase (THB)"
"res_partner_supplier_n_165","Purchase (THB)"
"res_partner_supplier_n_29","Purchase (THB)"
"res_partner_supplier_n_29","Purchase (THB)"
"res_partner_supplier_n_140","Purchase (THB)"
"res_partner_supplier_n_140","Purchase (THB)"
"res_partner_supplier_n_140","Purchase (THB)"
"res_partner_supplier_n_120","Purchase (THB)"
"res_partner_supplier_n_146","Purchase (THB)"
"res_partner_supplier_n_131","Purchase (THB)"
"res_partner_supplier_n_144","Purchase (THB)"
"res_partner_supplier_n_189","Purchase (THB)"
"res_partner_supplier_n_165","Purchase (THB)"
"res_partner_supplier_n_165","Purchase (THB)"
"res_partner_supplier_n_57","Purchase (THB)"
"res_partner_supplier_n_17","Purchase (THB)"
"res_partner_supplier_n_64","Purchase (THB)"
"res_partner_supplier_n_144","Purchase (THB)"
"res_partner_supplier_n_151","Purchase (THB)"
"res_partner_supplier_n_131","Purchase (THB)"
"res_partner_supplier_n_131","Purchase (THB)"
"res_partner_supplier_n_65","Purchase (THB)"
"res_partner_supplier_n_136","Purchase (THB)"
"res_partner_supplier_n_35","Purchase (THB)"
"res_partner_supplier_n_16","Purchase (THB)"
"res_partner_supplier_n_91","Purchase (THB)"
"res_partner_supplier_n_165","Purchase (THB)"
"res_partner_supplier_n_165","Purchase (THB)"
"res_partner_supplier_n_64","Purchase (THB)"
"res_partner_supplier_n_144","Purchase (THB)"
"res_partner_supplier_n_83","Purchase (THB)"
"res_partner_supplier_n_159","Purchase (THB)"
"res_partner_supplier_n_19","Purchase (THB)"
"res_partner_supplier_n_120","Purchase (THB)"
"res_partner_supplier_n_52","Purchase (THB)"
"res_partner_supplier_n_126","Purchase (THB)"
"res_partner_supplier_n_167","Purchase (THB)"
"res_partner_supplier_n_68","Purchase (THB)"
"res_partner_supplier_n_68","Purchase (THB)"
"res_partner_supplier_n_68","Purchase (THB)"
"res_partner_supplier_n_68","Purchase (THB)"
"res_partner_supplier_n_56","Purchase (THB)"
"res_partner_supplier_n_151","Purchase (THB)"
"res_partner_supplier_n_144","Purchase (THB)"
"res_partner_supplier_n_52","Purchase (THB)"
"res_partner_supplier_n_92","Purchase (THB)"
"res_partner_supplier_n_92","Purchase (THB)"
"res_partner_supplier_n_92","Purchase (THB)"
"res_partner_supplier_n_92","Purchase (THB)"
"res_partner_supplier_n_29","Purchase (THB)"
"res_partner_supplier_n_29","Purchase (THB)"
"res_partner_supplier_n_80","Purchase (THB)"
"res_partner_supplier_n_29","Purchase (THB)"
"res_partner_supplier_n_21","Purchase (THB)"
"res_partner_supplier_n_21","Purchase (THB)"
"res_partner_supplier_n_32","Purchase (THB)"
"res_partner_supplier_n_120","Purchase (THB)"
"res_partner_supplier_n_105","Purchase (THB)"
"res_partner_supplier_n_129","Purchase (THB)"
"res_partner_supplier_n_129","Purchase (THB)"
"res_partner_supplier_n_129","Purchase (THB)"
"res_partner_supplier_n_30","Purchase (THB)"
"res_partner_supplier_n_30","Purchase (THB)"
"res_partner_supplier_n_53","Purchase (THB)"
"res_partner_supplier_n_33","Purchase (THB)"
"res_partner_supplier_n_33","Purchase (THB)"
"res_partner_supplier_n_64","Purchase (THB)"
"res_partner_supplier_n_78","Purchase (THB)"
"res_partner_supplier_n_78","Purchase (THB)"
"res_partner_supplier_n_78","Purchase (THB)"
"res_partner_supplier_n_78","Purchase (THB)"
"res_partner_supplier_n_78","Purchase (THB)"
"res_partner_supplier_n_189","Purchase (THB)"
"res_partner_supplier_n_189","Purchase (THB)"
"res_partner_supplier_n_189","Purchase (THB)"
"res_partner_supplier_n_60","Purchase (THB)"
"res_partner_supplier_n_84","Purchase (THB)"
"res_partner_supplier_n_165","Purchase (THB)"
"res_partner_supplier_n_165","Purchase (THB)"
"res_partner_supplier_n_165","Purchase (THB)"
"res_partner_supplier_n_165","Purchase (THB)"
"res_partner_supplier_n_165","Purchase (THB)"
"res_partner_supplier_n_120","Purchase (THB)"
"res_partner_supplier_n_120","Purchase (THB)"
"res_partner_supplier_n_120","Purchase (THB)"
"res_partner_supplier_n_120","Purchase (THB)"
"res_partner_supplier_n_120","Purchase (THB)"
"res_partner_supplier_n_120","Purchase (THB)"
"res_partner_supplier_n_120","Purchase (THB)"
"res_partner_supplier_n_120","Purchase (THB)"
"res_partner_supplier_n_117","Purchase (THB)"
"res_partner_supplier_n_117","Purchase (THB)"
"res_partner_supplier_n_120","Purchase (THB)"
"res_partner_supplier_n_120","Purchase (THB)"
"res_partner_supplier_n_120","Purchase (THB)"
"res_partner_supplier_n_32","Purchase (THB)"
"res_partner_supplier_n_21","Purchase (THB)"
"res_partner_supplier_n_21","Purchase (THB)"
"res_partner_supplier_n_140","Purchase (THB)"
"res_partner_supplier_n_140","Purchase (THB)"
"res_partner_supplier_n_140","Purchase (THB)"
"res_partner_supplier_n_140","Purchase (THB)"
"res_partner_supplier_n_140","Purchase (THB)"
"res_partner_supplier_n_188","Purchase (THB)"
"res_partner_supplier_n_64","Purchase (THB)"
"res_partner_supplier_n_124","Purchase (THB)"
"res_partner_supplier_n_57","Purchase (THB)"
"res_partner_supplier_n_57","Purchase (THB)"
"res_partner_supplier_n_57","Purchase (THB)"
"res_partner_supplier_n_57","Purchase (THB)"
"res_partner_supplier_n_57","Purchase (THB)"
"res_partner_supplier_n_57","Purchase (THB)"
"res_partner_supplier_n_57","Purchase (THB)"
"res_partner_supplier_n_52","Purchase (THB)"
"res_partner_supplier_n_52","Purchase (THB)"
"res_partner_supplier_n_144","Purchase (THB)"
"res_partner_supplier_n_78","Purchase (THB)"
"res_partner_supplier_n_57","Purchase (THB)"
"res_partner_supplier_n_131","Purchase (THB)"
"res_partner_supplier_n_131","Purchase (THB)"
"res_partner_supplier_n_131","Purchase (THB)"
"res_partner_supplier_n_131","Purchase (THB)"
"res_partner_supplier_n_131","Purchase (THB)"
"res_partner_supplier_n_140","Purchase (THB)"
"res_partner_supplier_n_140","Purchase (THB)"
"res_partner_supplier_n_131","Purchase (THB)"
"res_partner_supplier_n_131","Purchase (THB)"
"res_partner_supplier_n_131","Purchase (THB)"
"res_partner_supplier_n_203","Purchase (THB)"
"res_partner_supplier_n_151","Purchase (THB)"
"res_partner_supplier_n_151","Purchase (THB)"
"res_partner_supplier_n_64","Purchase (THB)"
"res_partner_supplier_n_78","Purchase (THB)"
"res_partner_supplier_n_165","Purchase (THB)"
"res_partner_supplier_n_165","Purchase (THB)"
"res_partner_supplier_n_165","Purchase (THB)"
"res_partner_supplier_n_187","Purchase (THB)"
"res_partner_supplier_n_32","Purchase (THB)"
"res_partner_supplier_n_78","Purchase (THB)"
"res_partner_supplier_n_131","Purchase (THB)"
"res_partner_supplier_n_131","Purchase (THB)"
"res_partner_supplier_n_29","Purchase (THB)"
"res_partner_supplier_n_29","Purchase (THB)"
"res_partner_supplier_n_131","Purchase (THB)"
"res_partner_supplier_n_131","Purchase (THB)"
"res_partner_supplier_n_131","Purchase (THB)"
"res_partner_supplier_n_131","Purchase (THB)"
"res_partner_supplier_n_131","Purchase (THB)"
"res_partner_supplier_n_131","Purchase (THB)"
"res_partner_supplier_n_131","Purchase (THB)"
"res_partner_supplier_n_131","Purchase (THB)"
"res_partner_supplier_n_83","Purchase (THB)"
"res_partner_supplier_n_165","Purchase (THB)"
"res_partner_supplier_n_78","Purchase (THB)"
"res_partner_supplier_n_78","Purchase (THB)"
"res_partner_supplier_n_57","Purchase (THB)"
"res_partner_supplier_n_154","Purchase (THB)"
"res_partner_supplier_n_113","Purchase (THB)"
"res_partner_supplier_n_113","Purchase (THB)"
"res_partner_supplier_n_113","Purchase (THB)"
"res_partner_supplier_n_113","Purchase (THB)"
"res_partner_supplier_n_113","Purchase (THB)"
"res_partner_supplier_n_113","Purchase (THB)"
"res_partner_supplier_n_113","Purchase (THB)"
"res_partner_supplier_n_113","Purchase (THB)"
"res_partner_supplier_n_113","Purchase (THB)"
"res_partner_supplier_n_144","Purchase (THB)"
"res_partner_supplier_n_131","Purchase (THB)"
"res_partner_supplier_n_120","Purchase (THB)"
"res_partner_supplier_n_120","Purchase (THB)"
"res_partner_supplier_n_120","Purchase (THB)"
"res_partner_supplier_n_64","Purchase (THB)"
"res_partner_supplier_n_57","Purchase (THB)"
"res_partner_supplier_n_64","Purchase (THB)"
"res_partner_supplier_n_53","Purchase (THB)"
"res_partner_supplier_n_131","Purchase (THB)"
"res_partner_supplier_n_131","Purchase (THB)"
"res_partner_supplier_n_131","Purchase (THB)"
"res_partner_supplier_n_131","Purchase (THB)"
"res_partner_supplier_n_146","Purchase (THB)"
"res_partner_supplier_n_29","Purchase (THB)"
"res_partner_supplier_n_165","Purchase (THB)"
"res_partner_supplier_n_165","Purchase (THB)"
"res_partner_supplier_n_165","Purchase (THB)"
"res_partner_supplier_n_165","Purchase (THB)"
"res_partner_supplier_n_165","Purchase (THB)"
"res_partner_supplier_n_89","Purchase (THB)"
"res_partner_supplier_n_188","Purchase (THB)"
"res_partner_supplier_n_29","Purchase (THB)"
"res_partner_supplier_n_29","Purchase (THB)"
"res_partner_supplier_n_29","Purchase (THB)"
"res_partner_supplier_n_29","Purchase (THB)"
"res_partner_supplier_n_116","Purchase (THB)"
"res_partner_supplier_n_62","Purchase (THB)"
"res_partner_supplier_n_38","Purchase (THB)"
"res_partner_supplier_n_38","Purchase (THB)"
"res_partner_supplier_n_38","Purchase (THB)"
"res_partner_supplier_n_131","Purchase (THB)"
"res_partner_supplier_n_131","Purchase (THB)"
"res_partner_supplier_n_131","Purchase (THB)"
"res_partner_supplier_n_131","Purchase (THB)"
"res_partner_supplier_n_131","Purchase (THB)"
"res_partner_supplier_n_131","Purchase (THB)"
"res_partner_supplier_n_131","Purchase (THB)"
"res_partner_supplier_n_29","Purchase (THB)"
"res_partner_supplier_n_29","Purchase (THB)"
"res_partner_supplier_n_7","Purchase (GBP)"
"res_partner_supplier_n_4","Purchase (EUR)"
"res_partner_supplier_n_106","Purchase (THB)"
"res_partner_supplier_n_106","Purchase (THB)"
"res_partner_supplier_n_188","Purchase (THB)"
"res_partner_supplier_n_68","Purchase (THB)"
"res_partner_supplier_n_68","Purchase (THB)"
"res_partner_supplier_n_68","Purchase (THB)"
"res_partner_supplier_n_68","Purchase (THB)"
"res_partner_supplier_n_91","Purchase (THB)"
"res_partner_supplier_n_199","Purchase (THB)"
"res_partner_supplier_n_89","Purchase (THB)"
"res_partner_supplier_n_57","Purchase (THB)"
"res_partner_supplier_n_136","Purchase (THB)"
"res_partner_supplier_n_26","Purchase (THB)"
"res_partner_supplier_n_131","Purchase (THB)"
"res_partner_supplier_n_131","Purchase (THB)"
"res_partner_supplier_n_131","Purchase (THB)"
"res_partner_supplier_n_131","Purchase (THB)"
"res_partner_supplier_n_131","Purchase (THB)"
"res_partner_supplier_n_131","Purchase (THB)"
"res_partner_supplier_n_146","Purchase (THB)"
"res_partner_supplier_n_124","Purchase (THB)"
"res_partner_supplier_n_168","Purchase (THB)"
"res_partner_supplier_n_168","Purchase (THB)"
"res_partner_supplier_n_168","Purchase (THB)"
"res_partner_supplier_n_168","Purchase (THB)"
"res_partner_supplier_n_165","Purchase (THB)"
